Workbook
Name Abies_alba: All_LTMN_Lookups!$J$2:$J$1223
Name Abies_alba: #REF!
Name Abies_alba: #REF!
Name ALLQCODETYPES: '[1]NEW QCODES'!#REF!
Name AllSC: #REF!
Name AllSC: #REF!
Name B01_: [2]All_LTMN_Lookups!$I$2:$I$41
Name Broad_habitat: [2]All_LTMN_Lookups!$N$2:$N$18
Name BROADHAB: #REF!
Name BROADHAB: #REF!
Name C_: [3]All_LTMN_Lookups!$C$2:$C$8
Name D1VW: 'Dominance Template'!$A$1:$G$1
Name D2VW: 'Seedlings Template'!$A$1:$P$2
Name D3VC: #REF!
Name D3VW: 'Tree Measurement'!$A$1:$W$1
Name DESC_LATIN: 'Species Template'!#REF!
Name DESC_LATIN: 'Species Template'!#REF!
Name DI: #REF!
Name DI: #REF!
Name DOMCODE: #REF!
Name DOMCODE: #REF!
Name ENVIROCODES: #REF!
Name ENVIROCODES: #REF!
Name INVERTCODES: #REF!
Name INVERTCODES: #REF!
Name LANDUSE: #REF!
Name LANDUSE: #REF!
Name Latin: #REF!
Name Latin: #REF!
Name MCODE: #REF!
Name MCODE: #REF!
Name OTHERSCODES: #REF!
Name OTHERSCODES: #REF!
Name PRIHAB: #REF!
Name PRIHAB: #REF!
Name PriorityHabitat: [2]All_LTMN_Lookups!$O$2:$O$34
Name Q_code: [4]All_LTMN_Lookups!$L$2:$L$140
Name QA: #REF!
Name QA: All_LTMN_Lookups!$V$2:$V$27
Name qcode: [2]All_LTMN_Lookups!$L$2:$L$140
Name qtext: [2]All_LTMN_Lookups!$M$2:$M$140
Name Site_code: All_LTMN_Lookups!#REF!
Name Site_code: [5]All_LTMN_Lookups!$I$2:$I$41
Name Site_code: [5]All_LTMN_Lookups!$I$2:$I$41
Name Site_code: #REF!
Name sitecode: [5]All_LTMN_Lookups!$I$2:$I$41
Name sitecode: [6]All_LTMN_Lookups!$I$2:$I$41
Name sitecode: [5]All_LTMN_Lookups!$I$2:$I$41
Name SITECODES: #REF!
Name SITECODES: #REF!
Name SLOPEFORM: #REF!
Name SLOPEFORM: #REF!
Name TEMP_LIST: 'Species Template'!#REF!
Name TEMP_LIST: 'Species Template'!#REF!
Name vcode: #REF!
Name vcode: #REF!
Name vcode: #REF!
Name vcode: #REF!
Name vecode: #REF!
Name vecode: #REF!

Sheet Home
B2: Long Term Monitoring Network Vegetation Survey
B4: Site | C4: Thursley
B6: Year | C6: 2015
B8: Creator
B10: Organisation
B12: Additional Information
B14: All methodologies for the data collection, processing and quality assurance can be found here:
B16: LTMN@ Access to Evidence Catalogue
B18: Units for measurements can be found below:
B20: Sheet | C20: Field | D20: Unit
B21: Whole Plot Data | C21: ALTITUDE | D21: Metres
B22: Ground Features | C22: VEG_HEIGHT | D22: Centimetres
B23: Tree Measurement | C23: GIRTH | D23: Centimetres
B24: Tree Measurement | C24: HEIGHT | D24: Metres
B25: Tree Measurement | C25: DISTANCE | D25: Metres
B26: Tree Measurement | C26: SURVEYOR_HEIGHT | D26: Metres
B27: Tree Measurement | C27: ANGLE | D27: Degrees
B29: Survey Notes:
B30: Second survey on this site. Plots surveyed: 49, of which 3 woodland. Species richness: 102. Cladonia strepsilis also identified on site, but not within a plot. Screened for sensitive species and one line of data removed from the Species Template - please contact Natural England if you need the removed data.
B34: Change log:
B36: 43572 | C36: Document created
B37: 43635 | C37: Checked and QA'd
B38: 43740 | C38: Vegetation heights added
B39: 43810 | C39: Plots 3, 8, 11, 12, 14, 37, 38, 53, 59 had been renamed plots 76-84 on the Whole Plot Data tab only. Returned them to original names.

Sheet Whole Plot Data
A1: SITECODE | B1: MCODE | C1: YEAR | D1: PLOT_ID | E1: STRAT | F1: EASTINGS | G1: NORTHINGS | H1: BNG_GRID_REF | I1: SURVEYOR | J1: SDATE | K1: ALTITUDE | L1: LANDUSE_CODE | M1: SLOPE | N1: ASPECT | O1: SLOPEFORM_CODE | P1: NVCCLASS | Q1: NVC_FIRST | R1: NVC_SECOND | S1: NVC_THIRD | T1: LIGHT | U1: WETNESS | V1: PH | W1: FERTILITY | X1: COMPETITION | Y1: STRESS | Z1: RUDERALS | AA1: SCODE1 | AB1: SCODE2 | AC1: SCODE3 | AD1: FIELD_SHEET_NOTES | AE1: BAP_BROAD | AF1: BAP_PRIORITY | AG1: DATA_ENTRY_COMMENTS | AH1: DATA_ISSUE1 | AI1: DATA_ISSUE2 | AJ1: DATA_ISSUE3 | AK1: QA_CODE1 | AL1: QA_CODE2 | AM1: QA_CODE3 | AN1: FINAL_QA | AO1: LOCATION_REMARK
A2: B26 | B2: VC | C2: 2015 | D2: 2 | E2: NNR Site Boundary (Heathland) | F2: 490420.95 | G2: 141359.26 | H2: SU9042041359 | J2: 42213 | K2: 67 | L2: 14 | M2: 10 | N2: 270 | O2: 2 | Q2: H8a:34.88 | R2: H2:33.29 | S2: H2b:31.14 | T2: 6.9 | U2: 5.3 | V2: 2.1 | W2: 2.1 | X2: 2.74 | Y2: 3.26 | Z2: 1 | AA2: 144 | AE2: Dwarf Shrub Heath | AF2: Lowland Heathland
A3: B26 | B3: VC | C3: 2015 | D3: 3 | E3: NNR Site Boundary (Heathland) | F3: 490929.17 | G3: 140855.85 | H3: SU9092940855 | J3: 42213 | K3: 77 | L3: 14 | M3: 8 | N3: 6 | O3: 2 | Q3: H2a:46.68 | R3: H2:45.10 | S3: W18a:44.76 | T3: 6.6 | U3: 5.1 | V3: 2.1 | W3: 2.4 | X3: 2.06 | Y3: 3.94 | Z3: 1.02 | AA3: 144 | AD3: rabbit poo. | AE3: Dwarf Shrub Heath | AF3: Lowland Heathland
A4: B26 | B4: VC | C4: 2015 | D4: 6 | E4: NNR Site Boundary (Heathland) | F4: 490396.94 | G4: 141506.75 | H4: SU9039641506 | J4: 42213 | K4: 60 | L4: 18 | M4: 0 | O4: 2 | Q4: M21:70.57 | R4: M21b:65.73 | S4: M21a:64.62 | T4: 7.7 | U4: 8.3 | V4: 2.5 | W4: 1.3 | X4: 2.47 | Y4: 3.53 | Z4: 1 | AE4: Fen, Marsh and Swamp | AF4: Lowland Fens | AG4: Aspect not recorded. Query target habitat. BAP_PRIORITY not recorded. | AH4: DI900 | AI4: DI990
A5: B26 | B5: VC | C5: 2015 | D5: 7 | E5: NNR Site Boundary (Heathland) | F5: 490500.39 | G5: 141240.6 | H5: SU9050041240 | J5: 42213 | K5: 66 | L5: 14 | M5: 9 | N5: 45 | O5: 3 | Q5: H2:49.04 | R5: H2a:48.55 | S5: H2b:44.76 | T5: 6.9 | U5: 5.4 | V5: 2.2 | W5: 2.2 | X5: 2.83 | Y5: 3.17 | Z5: 1 | AE5: Dwarf Shrub Heath | AF5: Lowland Heathland
A6: B26 | B6: VC | C6: 2015 | D6: 8 | E6: Lowland Mire & Fens | F6: 491335 | G6: 140037 | H6: SU9133540037 | J6: 42214 | K6: 91 | L6: 14 | M6: 14 | N6: 54 | O6: 1 | Q6: H2a:46.45 | R6: H2:42.91 | S6: H8a:38.46 | T6: 7 | U6: 5.2 | V6: 2 | W6: 2 | X6: 2.17 | Y6: 3.83 | Z6: 1 | AD6: Scrubbing up with birch (B. pendula. | AE6: Dwarf Shrub Heath | AF6: Lowland Heathland
A7: B26 | B7: VC | C7: 2015 | D7: 11 | E7: Lowland Mire & Fens | F7: 491475.74 | G7: 141051.47 | H7: SU9147541051 | J7: 42214 | K7: 61 | L7: 14 | M7: 2 | N7: 340 | O7: 2 | Q7: H2a:34.31 | R7: H1b:32.30 | S7: H2:31.50 | T7: 7 | U7: 5.9 | V7: 2.2 | W7: 2.2 | X7: 3.11 | Y7: 2.89 | Z7: 1 | AA7: 144 | AD7: rabbit droppings | AE7: Dwarf Shrub Heath | AF7: Lowland Heathland
A8: B26 | B8: VC | C8: 2015 | D8: 12 | E8: Lowland Mire & Fens | F8: 491349.79 | G8: 140471 | H8: SU9134940470 | J8: 42214 | K8: 65 | L8: 14 | M8: 5 | N8: 150 | O8: 1 | Q8: U20b:53.91 | R8: U20c:47.00 | S8: H1c:46.97 | T8: 6.6 | U8: 5.1 | V8: 2.5 | W8: 2.4 | X8: 2.97 | Y8: 3.02 | Z8: 1.02 | AA8: 144 | AD8: rabbit | AE8: bracken | AF8: Not a priority habitat
A9: B26 | B9: VC | C9: 2015 | D9: 13 | E9: NNR Site Boundary (Heathland) | F9: 490075.93 | G9: 140775.23 | H9: SU9007540775 | J9: 42213 | K9: 66 | L9: 14 | M9: 7 | O9: 2 | Q9: H1e:26.18 | R9: H1:25.24 | S9: H11c:24.92 | T9: 7 | U9: 6 | V9: 2 | W9: 2 | X9: 3 | Y9: 3 | Z9: 1 | AA9: 144 | AB9: 115 | AE9: Dwarf Shrub Heath | AF9: Lowland Heathland | AG9: Aspect not recorded, BAP_BROAD not recorded. | AH9: DI900 | AI9: DI990
A10: B26 | B10: VC | C10: 2015 | D10: 14 | E10: NNR Site Boundary (Heathland) | F10: 490017.31 | G10: 140297.7 | H10: SU9001740297 | J10: 42214 | K10: 71 | L10: 13 | M10: 16 | N10: 34 | O10: 3 | Q10: W4:21.43 | R10: W16a:20.12 | S10: W10d:20.00 | T10: 6.9 | U10: 5.4 | V10: 4.7 | W10: 3.3 | X10: 3.26 | Y10: 2.74 | Z10: 1 | AE10: Broadleaved, Mixed and Yew Woodland | AF10: Wet Woodland
A11: B26 | B11: VC | C11: 2015 | D11: 16 | E11: NNR Site Boundary (Heathland) | F11: 490268.49 | G11: 140824.11 | H11: SU9026840824 | J11: 42213 | K11: 67 | L11: 14 | M11: 5 | N11: 42 | O11: 2 | Q11: M21:47.22 | R11: M21b:45.85 | S11: M16a:43.96 | T11: 7.4 | U11: 8 | V11: 2.9 | W11: 1.7 | X11: 2.64 | Y11: 3.32 | Z11: 1.08 | AA11: 144 | AE11: Fen, Marsh and Swamp | AF11: Lowland Fens
A12: B26 | B12: VC | C12: 2015 | D12: 18 | E12: NNR Site Boundary (Heathland) | F12: 490656.45 | G12: 141298.92 | H12: SU9065641298 | J12: 42213 | K12: 60 | L12: 14 | M12: 2 | N12: 140 | O12: 3 | Q12: H2c:54.76 | R12: H2:51.22 | S12: H2a:50.91 | T12: 7.1 | U12: 6.5 | V12: 2.2 | W12: 2.1 | X12: 3.08 | Y12: 2.92 | Z12: 1 | AE12: Dwarf Shrub Heath | AF12: Lowland Heathland
A13: B26 | B13: VW | C13: 2015 | D13: 19 | E13: NNR Site Boundary (Heathland) | F13: 489865.24 | G13: 140737.24 | H13: SU8986540737 | I13: PLOT NOT SURVEYED THIS YEAR | J13: 42215 | AG13: PLOT NOT SURVEYED THIS YEAR.
A14: B26 | B14: VC | C14: 2015 | D14: 20 | E14: NNR Site Boundary (Heathland) | F14: 490477.18 | G14: 140979.79 | H14: SU9047740979 | J14: 42213 | K14: 0 | L14: 14 | M14: 10 | N14: 215 | O14: 1 | Q14: H2a:55.19 | R14: H2c:52.91 | S14: H2:50.00 | T14: 7.2 | U14: 5.6 | V14: 1.8 | W14: 2 | X14: 2.61 | Y14: 3.39 | Z14: 1 | AA14: 144 | AB14: 138 | AE14: Dwarf Shrub Heath | AF14: Lowland Heathland
A15: B26 | B15: VC | C15: 2015 | D15: 21 | E15: NNR Site Boundary (Heathland) | F15: 490190.43 | G15: 141470.67 | H15: SU9019041470 | J15: 42213 | K15: 57 | L15: 18 | M15: 0 | N15: 0 | O15: 2 | Q15: M21:66.21 | R15: M21b:66.20 | S15: M21a:57.04 | T15: 8 | U15: 8.6 | V15: 2.1 | W15: 1 | X15: 2.05 | Y15: 3.95 | Z15: 1 | AE15: Fen, Marsh and Swamp | AF15: Lowland Fens
A16: B26 | B16: VC | C16: 2015 | D16: 24 | E16: NNR Site Boundary (Heathland) | F16: 490865.84 | G16: 139855.75 | H16: SU9086539855 | J16: 42214 | K16: 105 | L16: 14 | M16: 6 | N16: 310 | O16: 2 | Q16: H9d:31.13 | R16: H12a:29.76 | S16: H2b:29.08 | T16: 6.5 | U16: 5.2 | V16: 2.3 | W16: 2.6 | X16: 2.06 | Y16: 3.93 | Z16: 1.29 | AE16: Dwarf Shrub Heath | AF16: Lowland Heathland
A17: B26 | B17: VC | C17: 2015 | D17: 25 | I17: PLOT NOT SURVEYED THIS YEAR | AG17: PLOT NOT SURVEYED THIS YEAR.
A18: B26 | B18: VC | C18: 2015 | D18: 26 | E18: NNR Site Boundary (Heathland) | F18: 491045.23 | G18: 140096.82 | H18: SU9104540096 | J18: 42214 | K18: 97 | L18: 14 | M18: 6 | N18: 148 | O18: 2 | Q18: H2a:44.02 | R18: H2:41.48 | S18: H2b:36.40 | T18: 7.5 | U18: 5.7 | V18: 1.6 | W18: 2 | X18: 2.68 | Y18: 3.32 | Z18: 1 | AA18: 144 | AE18: Dwarf Shrub Heath | AF18: Lowland Heathland | AG18: Question mark over plot number | AH18: DI990
A19: B26 | B19: VC | C19: 2015 | D19: 27 | E19: NNR Site Boundary (Heathland) | F19: 490741.5 | G19: 139985.94 | H19: SU9074139985 | J19: 42214 | K19: 102 | L19: 14 | M19: 6 | N19: 30 | O19: 2 | Q19: H2a:50.27 | R19: H2:46.99 | S19: H2b:42.97 | T19: 6.9 | U19: 5.2 | V19: 2 | W19: 2.2 | X19: 2.18 | Y19: 3.82 | Z19: 1.03 | AA19: 144 | AB19: 115 | AE19: Dwarf Shrub Heath | AF19: Lowland Heathland
A20: B26 | B20: VC | C20: 2015 | D20: 29 | E20: NNR Site Boundary (Heathland) | F20: 490263.56 | G20: 140144.12 | H20: SU9026340144 | J20: 42214 | K20: 97 | L20: 14 | M20: 5 | N20: 320 | O20: 2 | Q20: H2a:33.99 | R20: H2:31.36 | S20: H8a:30.64 | T20: 7 | U20: 5.7 | V20: 2 | W20: 2 | X20: 2.77 | Y20: 3.23 | Z20: 1 | AA20: 144 | AB20: 115 | AE20: Dwarf Shrub Heath | AF20: Lowland Heathland
A21: B26 | B21: VC | C21: 2015 | D21: 30 | E21: NNR Site Boundary (Heathland) | F21: 490597.35 | G21: 141428.34 | H21: SU9059741428 | J21: 42213 | K21: 58 | L21: 18 | M21: 0 | O21: 2 | Q21: M21:67.50 | R21: M21b:63.56 | S21: M21a:63.41 | T21: 7.9 | U21: 8.8 | V21: 2.1 | W21: 1.1 | X21: 2.25 | Y21: 3.75 | Z21: 1 | AE21: Fen, Marsh and Swamp | AF21: Lowland Fens | AG21: Aspect not recorded. BAP_PRIORITY not recorded. | AH21: DI900
A22: B26 | B22: VC | C22: 2015 | D22: 35 | E22: NNR Site Boundary (Heathland) | F22: 490120.77 | G22: 140065.83 | H22: SU9012040065 | J22: 42214 | K22: 89 | L22: 14 | M22: 3 | N22: 110 | O22: 2 | Q22: H1e:24.27 | R22: H1b:22.32 | S22: H1:21.37 | T22: 7 | U22: 6 | V22: 2 | W22: 2 | X22: 3 | Y22: 3 | Z22: 1.02 | AA22: 144 | AB22: 138 | AE22: Dwarf Shrub Heath | AF22: Lowland Heathland | AG22: BAP_PRIORITY not recorded. | AH22: DI900
A23: B26 | B23: VC | C23: 2015 | D23: 36 | E23: NNR Site Boundary (Heathland) | F23: 490473.74 | G23: 140157.13 | H23: SU9047340157 | J23: 42214 | K23: 92 | L23: 14 | M23: 2 | N23: 51 | O23: 1 | Q23: H2c:47.85 | R23: H2a:44.38 | S23: H2:43.78 | T23: 7.1 | U23: 5.3 | V23: 1.9 | W23: 2 | X23: 2.34 | Y23: 3.66 | Z23: 1 | AA23: 144 | AB23: 115 | AE23: Dwarf Shrub Heath | AF23: Lowland Heathland
A24: B26 | B24: VC | C24: 2015 | D24: 37 | E24: NNR Site Boundary (Heathland) | F24: 490330.41 | G24: 141312.29 | H24: SU9033041312 | J24: 42213 | K24: 59 | L24: 14 | M24: 1 | N24: 329 | O24: 3 | Q24: H2a:33.12 | R24: H2:32.63 | S24: H8a:29.81 | T24: 7 | U24: 5.8 | V24: 2.2 | W24: 2.2 | X24: 2.96 | Y24: 3.04 | Z24: 1 | AA24: 144 | AB24: 114 | AD24: very few rabbit droppings;burnt wood | AE24: Dwarf Shrub Heath | AF24: Lowland Heathland
A25: B26 | B25: VC | C25: 2015 | D25: 38 | E25: Lowland Mire & Fens | F25: 491469.76 | G25: 140904.12 | H25: SU9146940904 | J25: 42214 | K25: 57 | L25: 14 | M25: 0 | N25: 0 | O25: 2 | Q25: M15c:30.09 | R25: H2c:29.50 | S25: H4:26.97 | T25: 6.7 | U25: 6.3 | V25: 3 | W25: 2.6 | X25: 3.73 | Y25: 2.27 | Z25: 1.02 | AE25: Dwarf Shrub Heath | AF25: Lowland Heathland
A26: B26 | B26: VC | C26: 2015 | D26: 40 | E26: NNR Site Boundary (Heathland) | F26: 491050.28 | G26: 140348.21 | H26: SU9105040348 | J26: 42214 | K26: 87 | L26: 14 | M26: 15 | N26: 30 | O26: 2 | Q26: H2a:28.11 | R26: H1b:24.59 | S26: H2:24.27 | T26: 7 | U26: 6 | V26: 2 | W26: 2 | X26: 2.98 | Y26: 3.02 | Z26: 1 | AA26: 144 | AE26: Dwarf Shrub Heath | AF26: Lowland Heathland
A27: B26 | B27: VC | C27: 2015 | D27: 42 | E27: NNR Site Boundary (Heathland) | F27: 490207.88 | G27: 140239.09 | H27: SU9020740239 | J27: 42214 | K27: 95 | L27: 14 | M27: 0 | O27: 2 | Q27: H2a:34.99 | R27: H1b:32.56 | S27: H2:32.00 | T27: 7 | U27: 5.3 | V27: 2.1 | W27: 2.1 | X27: 2.4 | Y27: 3.6 | Z27: 1 | AA27: 144 | AB27: 115 | AE27: Dwarf Shrub Heath | AF27: Lowland Heathland | AG27: Aspect not recorded. | AH27: DI900
A28: B26 | B28: VC | C28: 2015 | D28: 44 | E28: NNR Site Boundary (Heathland) | F28: 490554.56 | G28: 139947.46 | H28: SU9055439947 | J28: 42214 | K28: 100 | L28: 14 | M28: 9 | N28: 10 | O28: 2 | Q28: H2:58.75 | R28: H2a:57.79 | S28: H2b:57.46 | T28: 7.1 | U28: 5.4 | V28: 2.2 | W28: 2.2 | X28: 2.6 | Y28: 3.4 | Z28: 1 | AA28: 143 | AB28: 115 | AE28: Dwarf Shrub Heath | AF28: Lowland Heathland | AG28: BAP_PRIORITY not recorded. | AH28: DI900
A29: B26 | B29: VW | C29: 2015 | D29: 45 | E29: NNR Site Boundary (Heathland) | F29: 489879.82 | G29: 141189.83 | H29: SU8987941189 | J29: 42215 | K29: 47 | L29: 14 | Q29: H12a:35.19 | R29: W18a:31.03 | S29: U2b:30.35 | T29: 6.7 | U29: 5 | V29: 4.1 | W29: 3 | X29: 2.71 | Y29: 3.29 | Z29: 1 | AA29: 144 | AE29: Broadleaved, Mixed and Yew Woodland | AF29: Lowland Mixed Deciduous Woodland | AG29: Slope, aspect & slopeform not recorded. Query target habitat. | AH29: DI900 | AI29: DI990
A30: B26 | B30: VC | C30: 2015 | D30: 46 | E30: NNR Site Boundary (Heathland) | F30: 490964.28 | G30: 140401.6 | H30: SU9096440401 | J30: 42213 | K30: 83 | L30: 14 | M30: 1 | N30: 110 | O30: 2 | Q30: H2a:38.50 | R30: H2:36.04 | S30: H3b:33.93 | T30: 7.1 | U30: 5.9 | V30: 1.9 | W30: 2 | X30: 2.93 | Y30: 3.07 | Z30: 1 | AB30: 551 | AE30: Dwarf Shrub Heath | AF30: Lowland Heathland
A31: B26 | B31: VC | C31: 2015 | D31: 48 | E31: NNR Site Boundary (Heathland) | F31: 490371.65 | G31: 140399.79 | H31: SU9037140399 | J31: 42213 | K31: 84 | L31: 14 | M31: 6 | N31: 334 | O31: 3 | Q31: H2a:43.10 | R31: H2c:37.09 | S31: H2:36.84 | T31: 7.2 | U31: 6 | V31: 1.8 | W31: 2 | X31: 2.99 | Y31: 3.01 | Z31: 1 | AA31: 144 | AB31: 138 | AE31: Dwarf Shrub Heath | AF31: Lowland Heathland | AG31: BAP_PRIORITY not recorded. | AH31: DI900
A32: B26 | B32: VC | C32: 2015 | D32: 49 | E32: NNR Site Boundary (Heathland) | F32: 490747.16 | G32: 140306.19 | H32: SU9074740306 | J32: 42214 | K32: 91 | L32: 14 | M32: 21 | N32: 125 | O32: 3 | Q32: H2c:38.22 | R32: H2a:37.90 | S32: H2:37.79 | T32: 7.3 | U32: 5.6 | V32: 2.5 | W32: 2.2 | X32: 2.82 | Y32: 3.18 | Z32: 1 | AA32: 144 | AE32: Dwarf Shrub Heath | AF32: Lowland Heathland
A33: B26 | B33: VC | C33: 2015 | D33: 51 | E33: NNR Site Boundary (Heathland) | F33: 490579.99 | G33: 141561.7 | H33: SU9057941561 | J33: 42213 | K33: 61 | L33: 14 | M33: 0 | O33: 2 | Q33: M16a:43.06 | R33: M16:42.55 | S33: M16c:35.62 | T33: 7.6 | U33: 7.3 | V33: 2.2 | W33: 1.4 | X33: 2.42 | Y33: 3.58 | Z33: 1 | AE33: Dwarf Shrub Heath | AF33: Lowland Heathland | AG33: Aspect not recorded. BAP_PRIORITY not recorded. | AH33: DI900
A34: B26 | B34: VC | C34: 2015 | D34: 52 | E34: NNR Site Boundary (Heathland) | F34: 490556.85 | G34: 140377.44 | H34: SU9055640377 | J34: 42213 | K34: 0 | L34: 14 | M34: 12 | N34: 50 | O34: 2 | Q34: H2c:45.74 | R34: H2:42.22 | S34: H3a:41.44 | T34: 7 | U34: 5.7 | V34: 2.4 | W34: 2.3 | X34: 2.66 | Y34: 3.34 | Z34: 1 | AA34: 144 | AE34: Dwarf Shrub Heath | AF34: Lowland Heathland
A35: B26 | B35: VC | C35: 2015 | D35: 53 | E35: NNR Site Boundary (Heathland) | F35: 490428.5 | G35: 140606.06 | H35: SU9042840606 | J35: 42213 | K35: 73 | L35: 14 | M35: 0 | N35: n/a | O35: 2 | Q35: H2:49.92 | R35: H2b:48.30 | S35: H2a:47.78 | T35: 6.4 | U35: 5.1 | V35: 2 | W35: 2.6 | X35: 2.04 | Y35: 3.96 | Z35: 1 | AA35: 144 | AD35: some rabbit droppings. some signs of browsing | AE35: Dwarf Shrub Heath | AF35: Lowland Heathland
A36: B26 | B36: VC | C36: 2015 | D36: 56 | I36: PLOT NOT SURVEYED THIS YEAR | AG36: PLOT NOT SURVEYED THIS YEAR.
A37: B26 | B37: VC | C37: 2015 | D37: 57 | E37: NNR Site Boundary (Heathland) | F37: 490179.22 | G37: 141331.49 | H37: SU9017941331 | J37: 42213 | K37: 58 | L37: 18 | M37: 0 | O37: 2 | Q37: M21b:60.56 | R37: M21:55.64 | S37: M15a:50.72 | T37: 7.5 | U37: 8.1 | V37: 2.7 | W37: 1.6 | X37: 2.43 | Y37: 3.57 | Z37: 1.01 | AA37: 144 | AE37: Fen, Marsh and Swamp | AF37: Lowland Fens | AG37: Aspect not recorded. | AH37: DI900
A38: B26 | B38: VC | C38: 2015 | D38: 58 | E38: NNR Site Boundary (Heathland) | F38: 491038.73 | G38: 140500.86 | H38: SU9103840500 | J38: 42213 | K38: 80 | L38: 14 | M38: 3 | N38: 60 | O38: 3 | Q38: H2a:41.99 | R38: H2:39.22 | S38: H3b:36.70 | T38: 7.1 | U38: 5.5 | V38: 2.5 | W38: 2.3 | X38: 2.65 | Y38: 3.35 | Z38: 1 | AA38: 144 | AE38: Dwarf Shrub Heath | AF38: Lowland Heathland
A39: B26 | B39: VC | C39: 2015 | D39: 59 | E39: NNR Site Boundary (Heathland) | F39: 490829.03 | G39: 140860.99 | H39: SU9082940860 | J39: 42213 | K39: 73 | L39: 14 | M39: 4 | N39: 6 | O39: 1 | Q39: H2a:49.69 | R39: H2:46.03 | S39: H3b:40.40 | T39: 7.2 | U39: 5.9 | V39: 1.9 | W39: 2 | X39: 2.89 | Y39: 3.08 | Z39: 1.03 | AA39: 144 | AD39: rabbit droppings | AE39: Dwarf Shrub Heath | AF39: Lowland Heathland
A40: B26 | B40: VW | C40: 2015 | D40: 60 | E40: NNR Site Boundary (Heathland) | F40: 489874.08 | G40: 141096.46 | H40: SU8987441096 | J40: 42215 | K40: 0 | L40: 14 | Q40: H2a:45.98 | R40: H2:44.21 | S40: H2c:43.28 | T40: 7.1 | U40: 5.9 | V40: 2 | W40: 2 | X40: 2.95 | Y40: 3.05 | Z40: 1 | AA40: 144 | AB40: 147 | AE40: Dwarf Shrub Heath | AF40: Lowland Heathland | AG40: Slope, aspect & slopeform not recorded. Query target habitat. Altitude incorrect. BAP_BROAD not recorded. | AH40: DI900 | AI40: DI990
A41: B26 | B41: VC | C41: 2015 | D41: 61 | E41: NNR Site Boundary (Heathland) | F41: 490169.93 | G41: 140850.26 | H41: SU9016940850 | J41: 42213 | K41: 55 | L41: 14 | M41: 0 | N41: N/A | O41: N/A | Q41: M21:55.51 | R41: M16a:52.68 | S41: M21b:51.09 | T41: 7.2 | U41: 7.8 | V41: 2.8 | W41: 1.9 | X41: 2.87 | Y41: 3.13 | Z41: 1 | AE41: Fen, Marsh and Swamp | AF41: Lowland Fens | AG41: Added "N/A" to aspect (no slope). Altitude not recorded. BAP_BROAD not recorded. | AH41: DI900 | AK41: QA901 | AN41: QA901
A42: B26 | B42: VC | C42: 2015 | D42: 62 | E42: NNR Site Boundary (Heathland) | F42: 489988.3 | G42: 140714.96 | H42: SU8998840714 | J42: 42214 | K42: 51 | L42: 14 | M42: 3 | N42: 240 | O42: 1 | Q42: H2a:40.76 | R42: H2:37.69 | S42: H2c:35.76 | T42: 7.1 | U42: 5.6 | V42: 2.2 | W42: 2.1 | X42: 2.67 | Y42: 3.33 | Z42: 1 | AA42: 144 | AE42: Dwarf Shrub Heath | AF42: Lowland Heathland | AG42: BAP_BROAD not recorded. | AH42: DI900
A43: B26 | B43: VC | C43: 2015 | D43: 63 | E43: NNR Site Boundary (Heathland) | F43: 490510.74 | G43: 140875.56 | H43: SU9051040875 | J43: 42213 | K43: 70 | L43: 14 | M43: 5 | N43: 10 | O43: 2 | Q43: H2a:46.06 | R43: H2:44.54 | S43: H3a:39.34 | T43: 7.2 | U43: 5.8 | V43: 1.9 | W43: 2 | X43: 2.71 | Y43: 3.29 | Z43: 1 | AA43: 144 | AE43: Dwarf Shrub Heath | AF43: Lowland Heathland
A44: B26 | B44: VC | C44: 2015 | D44: 65 | E44: NNR Site Boundary (Heathland) | F44: 490705.86 | G44: 140086.5 | H44: SU9070540086 | J44: 42214 | K44: 98 | L44: 14 | M44: 3 | N44: 45 | O44: 2 | Q44: H2:46.58 | R44: H2c:46.05 | S44: H2a:45.05 | T44: 7.2 | U44: 5.9 | V44: 1.8 | W44: 2 | X44: 2.85 | Y44: 3.15 | Z44: 1 | AA44: 144 | AE44: Dwarf Shrub Heath | AF44: Lowland Heathland
A45: B26 | B45: VC | C45: 2015 | D45: 66 | E45: NNR Site Boundary (Heathland) | F45: 490900.62 | G45: 140122.9 | H45: SU9090040122 | J45: 42214 | K45: 96 | L45: 14 | M45: 22 | N45: 272 | O45: 2 | Q45: H2a:49.72 | R45: H2:46.36 | S45: H2b:42.25 | T45: 7.5 | U45: 5.7 | V45: 1.4 | W45: 2.1 | X45: 2.72 | Y45: 3.28 | Z45: 1 | AA45: 144 | AE45: Dwarf Shrub Heath | AF45: Lowland Heathland
A46: B26 | B46: VC | C46: 2015 | D46: 68 | E46: NNR Site Boundary (Heathland) | F46: 490928.71 | G46: 140528.38 | H46: SU9092840528 | J46: 42213 | K46: 75 | L46: 14 | M46: 5 | N46: 310 | O46: 2 | Q46: H2a:41.16 | R46: H2:40.04 | S46: H3b:37.25 | T46: 7.2 | U46: 5.9 | V46: 1.8 | W46: 2 | X46: 2.92 | Y46: 3.08 | Z46: 1 | AB46: 138 | AE46: Dwarf Shrub Heath | AF46: Lowland Heathland
A47: B26 | B47: VC | C47: 2015 | D47: 69 | E47: NNR Site Boundary (Heathland) | F47: 491214.29 | G47: 139967.35 | H47: SU9121439967 | J47: 42214 | K47: 97 | L47: 14 | M47: 6 | N47: 150 | O47: 2 | Q47: H2a:43.96 | R47: H2c:40.24 | S47: H2:39.93 | T47: 7 | U47: 6 | V47: 2 | W47: 2 | X47: 3 | Y47: 3 | Z47: 1 | AE47: Dwarf Shrub Heath | AF47: Lowland Heathland | AG47: BAP_PRIORITY not recorded. | AH47: DI900
A48: B26 | B48: VC | C48: 2015 | D48: 70 | E48: Lowland Mire & Fens | F48: 491189.89 | G48: 140715.04 | H48: SU9118940715 | J48: 42213 | K48: 81 | L48: 14 | M48: 8 | N48: 20 | O48: 2 | Q48: H2a:41.24 | R48: H2:40.17 | S48: H1:39.04 | T48: 7 | U48: 5.7 | V48: 2.5 | W48: 2.1 | X48: 2.48 | Y48: 3.48 | Z48: 1.11 | AA48: 144 | AB48: 115 | AE48: Dwarf Shrub Heath | AF48: Lowland Heathland | AG48: New plot for 2015. Query target habitat. BAP_PRIORITY not recorded. | AH48: DI900 | AI48: DI990 | AO48: New Plot
A49: B26 | B49: VC | C49: 2015 | D49: 71 | E49: Lowland Mire & Fens | F49: 490199.04 | G49: 140840.48 | H49: SU9019940840 | J49: 42213 | K49: 52 | L49: 14 | M49: 0 | N49: N/A | O49: N/A | Q49: M15:44.79 | R49: M16a:44.10 | S49: W4c:43.72 | T49: 7 | U49: 7.1 | V49: 3.2 | W49: 2.3 | X49: 3.03 | Y49: 2.97 | Z49: 1 | AE49: Dwarf Shrub Heath | AF49: Lowland Heathland | AG49: New plot for 2015. Query target habitat. Added "N/A" to aspect (no slope). BAP_BROAD not recorded. | AH49: DI990 | AI49: DI900 | AK49: QA901 | AN49: QA901 | AO49: New Plot
A50: B26 | B50: VC | C50: 2015 | D50: 72 | E50: Lowland Mire & Fens | F50: 490222 | G50: 140831 | H50: SU9022240831 | J50: 42213 | K50: 59 | L50: 14 | M50: 0 | N50: N/A | O50: N/A | Q50: M21:54.47 | R50: M21b:52.82 | S50: M21a:50.57 | T50: 7.7 | U50: 8 | V50: 2.8 | W50: 1.9 | X50: 1.86 | Y50: 4.14 | Z50: 1.11 | AE50: Fen, Marsh and Swamp | AF50: Lowland Fens | AG50: New plot for 2015. Query target habitat. Added "N/A" to aspect (no slope). BAP_BROAD not recorded. | AH50: DI990 | AI50: DI900 | AK50: QA901 | AN50: QA901 | AO50: New Plot
A51: B26 | B51: VC | C51: 2015 | D51: 73 | E51: Lowland Mire & Fens | F51: 490236.69 | G51: 140813.76 | H51: SU9023640813 | J51: 42213 | K51: 66 | L51: 14 | M51: 4 | N51: 0 | O51: 2 | Q51: M16a:38.82 | R51: M15:35.91 | S51: M6a:35.17 | T51: 7.4 | U51: 7.4 | V51: 2.9 | W51: 2.3 | X51: 2.91 | Y51: 3.06 | Z51: 1.07 | AE51: Dwarf Shrub Heath | AF51: Lowland Heathland | AG51: New plot for 2015. Query target habitat. | AH51: DI990 | AO51: New Plot
A52: B26 | B52: VC | C52: 2015 | D52: 74 | E52: Lowland Mire & Fens | F52: 490307.31 | G52: 140798.36 | H52: SU9030740798 | J52: 42213 | K52: 67 | L52: 14 | M52: 4 | N52: 50 | O52: 2 | Q52: H2a:45.23 | R52: H2:43.73 | S52: H2c:43.36 | T52: 7.1 | U52: 6.1 | V52: 2.2 | W52: 2.2 | X52: 3.03 | Y52: 2.97 | Z52: 1 | AA52: 144 | AE52: Dwarf Shrub Heath | AF52: Lowland Heathland | AG52: New plot for 2015. Query target habitat. | AH52: DI990 | AO52: New Plot
A53: B26 | B53: VC | C53: 2015 | D53: 75 | E53: Lowland Mire & Fens | F53: 490317.53 | G53: 140878.07 | H53: SU9031740878 | J53: 42213 | K53: 81 | L53: 14 | M53: 3 | N53: 276 | O53: 2 | Q53: M21:50.12 | R53: M16a:49.40 | S53: M21a:45.49 | T53: 7.5 | U53: 7.3 | V53: 2.2 | W53: 1.7 | X53: 2.73 | Y53: 3.27 | Z53: 1 | AE53: Fen, Marsh and Swamp | AF53: Lowland Fens | AG53: New plot for 2015. Query target habitat. | AH53: DI990 | AO53: New Plot

Sheet Species Template
A1: SITECODE | B1: MCODE | C1: YEAR | D1: PLOT_ID | E1: SPECIES_NO | F1: DESC_LATIN | G1: CELL_1 | H1: CELL_2 | I1: CELL_3 | J1: CELL_4 | K1: CELL_5 | L1: CELL_6 | M1: CELL_7 | N1: CELL_8 | O1: CELL_9 | P1: CELL_10 | Q1: CELL_11 | R1: CELL_12 | S1: CELL_13 | T1: CELL_14 | U1: CELL_15 | V1: CELL_16 | W1: CELL_17 | X1: CELL_18 | Y1: CELL_19 | Z1: CELL_20 | AA1: CELL_21 | AB1: CELL_22 | AC1: CELL_23 | AD1: CELL_24 | AE1: CELL_25 | AF1: PERCENT_COVER | AG1: FREQUENCY | AH1: DATA _ENTRY_COMMENTS | AI1: DATA_ISSUE1 | AJ1: DATA_ISSUE2 | AK1: DATA_ISSUE3 | AL1: QA_CODE1 | AM1: QA_CODE2 | AN1: QA_CODE3 | AO1: FINAL_QA
A2: B26 | B2: VC | C2: 2015 | D2: 2 | E2: 278 | F2: Calluna vulgaris | G2: 0 | H2: 1 | I2: 1 | J2: 0 | K2: 0 | L2: 0 | M2: 0 | N2: 0 | O2: 0 | P2: 0 | Q2: 1 | R2: 0 | S2: 0 | T2: 0 | U2: 0 | V2: 0 | W2: 1 | X2: 1 | Y2: 0 | Z2: 0 | AA2: 1 | AB2: 1 | AC2: 1 | AD2: 0 | AE2: 0 | AF2: 15 | AG2: 8
A3: B26 | B3: VC | C3: 2015 | D3: 2 | E3: 1576 | F3: Campylopus introflexus | G3: 1 | H3: 1 | I3: 1 | J3: 1 | K3: 1 | L3: 1 | M3: 1 | N3: 1 | O3: 1 | P3: 1 | Q3: 1 | R3: 1 | S3: 1 | T3: 1 | U3: 1 | V3: 1 | W3: 1 | X3: 1 | Y3: 1 | Z3: 1 | AA3: 1 | AB3: 0 | AC3: 1 | AD3: 1 | AE3: 1 | AF3: 70 | AG3: 24 | AI3: DI806 | AL3: QA606 | AO3: QA606
A4: B26 | B4: VC | C4: 2015 | D4: 2 | E4: 2694 | F4: Cladonia | G4: 1 | H4: 1 | I4: 1 | J4: 1 | K4: 1 | L4: 0 | M4: 1 | N4: 1 | O4: 1 | P4: 1 | Q4: 1 | R4: 1 | S4: 1 | T4: 1 | U4: 1 | V4: 1 | W4: 1 | X4: 1 | Y4: 1 | Z4: 1 | AA4: 1 | AB4: 0 | AC4: 1 | AD4: 1 | AE4: 1 | AF4: 2 | AG4: 23 | AH4: no sample. Idenitified to genus only. | AI4: DI808 | AM4: QA607 | AO4: QA607
A5: B26 | B5: VC | C5: 2015 | D5: 2 | E5: 2388 | F5: Cladonia subulata | G5: 0 | H5: 0 | I5: 1 | J5: 1 | K5: 0 | L5: 0 | M5: 0 | N5: 0 | O5: 0 | P5: 0 | Q5: 0 | R5: 0 | S5: 0 | T5: 0 | U5: 0 | V5: 0 | W5: 0 | X5: 0 | Y5: 0 | Z5: 0 | AA5: 0 | AB5: 0 | AC5: 0 | AD5: 0 | AE5: 0 | AF5: 0.1 | AG5: 2 | AI5: DI805 | AL5: QA600 | AM5: QA605 | AO5: QA605
A6: B26 | B6: VC | C6: 2015 | D6: 2 | E6: 541 | F6: Erica cinerea | G6: 1 | H6: 1 | I6: 1 | J6: 1 | K6: 1 | L6: 1 | M6: 1 | N6: 1 | O6: 1 | P6: 1 | Q6: 1 | R6: 1 | S6: 1 | T6: 0 | U6: 0 | V6: 1 | W6: 1 | X6: 1 | Y6: 1 | Z6: 0 | AA6: 1 | AB6: 1 | AC6: 1 | AD6: 1 | AE6: 1 | AF6: 30 | AG6: 22
A7: B26 | B7: VC | C7: 2015 | D7: 2 | E7: 2416 | F7: Hypogymnia physodes | G7: 0 | H7: 1 | I7: 0 | J7: 1 | K7: 1 | L7: 1 | M7: 1 | N7: 1 | O7: 1 | P7: 1 | Q7: 0 | R7: 0 | S7: 0 | T7: 0 | U7: 0 | V7: 0 | W7: 1 | X7: 1 | Y7: 0 | Z7: 0 | AA7: 1 | AB7: 1 | AC7: 1 | AD7: 1 | AE7: 1 | AF7: 0.1 | AG7: 15 | AI7: DI805 | AL7: QA600 | AM7: QA605 | AO7: QA605
A8: B26 | B8: VC | C8: 2015 | D8: 2 | E8: 971 | F8: Pinus sylvestris (c) | G8: 0 | H8: 1 | I8: 1 | J8: 1 | K8: 1 | L8: 0 | M8: 0 | N8: 0 | O8: 1 | P8: 0 | Q8: 1 | R8: 1 | S8: 0 | T8: 0 | U8: 0 | V8: 1 | W8: 1 | X8: 1 | Y8: 1 | Z8: 0 | AA8: 1 | AB8: 1 | AC8: 0 | AD8: 1 | AE8: 0 | AF8: 1 | AG8: 14
A9: B26 | B9: VC | C9: 2015 | D9: 2 | E9: 1894 | F9: Polytrichum juniperinum | G9: 1 | H9: 1 | I9: 1 | J9: 1 | K9: 1 | L9: 1 | M9: 1 | N9: 1 | O9: 1 | P9: 1 | Q9: 1 | R9: 1 | S9: 1 | T9: 1 | U9: 1 | V9: 1 | W9: 1 | X9: 1 | Y9: 1 | Z9: 1 | AA9: 1 | AB9: 0 | AC9: 1 | AD9: 1 | AE9: 1 | AF9: 2 | AG9: 24
A10: B26 | B10: VC | C10: 2015 | D10: 2 | E10: 1066 | F10: Pteridium aquilinum | G10: 0 | H10: 0 | I10: 0 | J10: 0 | K10: 1 | L10: 0 | M10: 0 | N10: 0 | O10: 1 | P10: 1 | Q10: 1 | R10: 0 | S10: 0 | T10: 1 | U10: 1 | V10: 0 | W10: 0 | X10: 0 | Y10: 1 | Z10: 0 | AA10: 0 | AB10: 1 | AC10: 0 | AD10: 0 | AE10: 0 | AF10: 8 | AG10: 8
A11: B26 | B11: VC | C11: 2015 | D11: 3 | E11: 2607 | F11: Betula pendula (g) | G11: 1 | H11: 0 | I11: 0 | J11: 0 | K11: 0 | L11: 0 | M11: 0 | N11: 0 | O11: 0 | P11: 0 | Q11: 0 | R11: 0 | S11: 0 | T11: 0 | U11: 0 | V11: 0 | W11: 0 | X11: 0 | Y11: 0 | Z11: 0 | AA11: 0 | AB11: 0 | AC11: 0 | AD11: 0 | AE11: 0 | AF11: 0.1 | AG11: 1 | AI11: DI805 | AL11: QA600 | AO11: QA600
A12: B26 | B12: VC | C12: 2015 | D12: 3 | E12: 278 | F12: Calluna vulgaris | G12: 0 | H12: 0 | I12: 0 | J12: 0 | K12: 1 | L12: 0 | M12: 0 | N12: 0 | O12: 0 | P12: 0 | Q12: 0 | R12: 1 | S12: 0 | T12: 0 | U12: 0 | V12: 0 | W12: 0 | X12: 0 | Y12: 0 | Z12: 0 | AA12: 0 | AB12: 0 | AC12: 0 | AD12: 0 | AE12: 0 | AF12: 1 | AG12: 2
A13: B26 | B13: VC | C13: 2015 | D13: 3 | E13: 1576 | F13: Campylopus introflexus | G13: 0 | H13: 1 | I13: 1 | J13: 1 | K13: 0 | L13: 0 | M13: 1 | N13: 1 | O13: 0 | P13: 0 | Q13: 0 | R13: 1 | S13: 1 | T13: 0 | U13: 1 | V13: 0 | W13: 1 | X13: 1 | Y13: 1 | Z13: 0 | AA13: 0 | AB13: 0 | AC13: 1 | AD13: 1 | AE13: 1 | AF13: 8 | AG13: 14
A14: B26 | B14: VC | C14: 2015 | D14: 3 | E14: 2359 | F14: Cladonia fimbriata | G14: 0 | H14: 1 | I14: 1 | J14: 1 | K14: 1 | L14: 0 | M14: 0 | N14: 0 | O14: 0 | P14: 0 | Q14: 0 | R14: 0 | S14: 1 | T14: 0 | U14: 0 | V14: 0 | W14: 0 | X14: 1 | Y14: 0 | Z14: 0 | AA14: 0 | AB14: 0 | AC14: 1 | AD14: 0 | AE14: 0 | AF14: 0.1 | AG14: 7 | AI14: DI805 | AL14: QA600 | AO14: QA600
A15: B26 | B15: VC | C15: 2015 | D15: 3 | E15: 2362 | F15: Cladonia furcata | G15: 0 | H15: 0 | I15: 0 | J15: 0 | K15: 0 | L15: 0 | M15: 0 | N15: 0 | O15: 0 | P15: 1 | Q15: 0 | R15: 0 | S15: 0 | T15: 0 | U15: 0 | V15: 0 | W15: 0 | X15: 0 | Y15: 0 | Z15: 0 | AA15: 0 | AB15: 0 | AC15: 1 | AD15: 0 | AE15: 0 | AF15: 0.1 | AG15: 2 | AI15: DI805 | AL15: QA600 | AO15: QA600
A16: B26 | B16: VC | C16: 2015 | D16: 3 | E16: 478 | F16: Deschampsia flexuosa | G16: 1 | H16: 1 | I16: 1 | J16: 1 | K16: 1 | L16: 1 | M16: 1 | N16: 1 | O16: 1 | P16: 1 | Q16: 1 | R16: 1 | S16: 1 | T16: 1 | U16: 1 | V16: 1 | W16: 1 | X16: 1 | Y16: 1 | Z16: 1 | AA16: 1 | AB16: 0 | AC16: 1 | AD16: 1 | AE16: 1 | AF16: 20 | AG16: 24 | AH16: recorded twice - other line deleted | AI16: DI809
A17: B26 | B17: VC | C17: 2015 | D17: 3 | E17: 1638 | F17: Dicranum scoparium | G17: 1 | H17: 0 | I17: 1 | J17: 1 | K17: 0 | L17: 1 | M17: 0 | N17: 0 | O17: 1 | P17: 0 | Q17: 1 | R17: 1 | S17: 1 | T17: 1 | U17: 0 | V17: 1 | W17: 0 | X17: 1 | Y17: 0 | Z17: 0 | AA17: 0 | AB17: 0 | AC17: 1 | AD17: 1 | AE17: 0 | AF17: 2 | AG17: 13
A18: B26 | B18: VC | C18: 2015 | D18: 3 | E18: 541 | F18: Erica cinerea | G18: 1 | H18: 1 | I18: 1 | J18: 1 | K18: 1 | L18: 0 | M18: 1 | N18: 1 | O18: 1 | P18: 1 | Q18: 1 | R18: 1 | S18: 1 | T18: 1 | U18: 1 | V18: 1 | W18: 1 | X18: 1 | Y18: 1 | Z18: 1 | AA18: 1 | AB18: 1 | AC18: 0 | AD18: 1 | AE18: 1 | AF18: 25 | AG18: 23
A19: B26 | B19: VC | C19: 2015 | D19: 3 | E19: 2695 | F19: Hypnum jutlandicum | G19: 1 | H19: 0 | I19: 1 | J19: 1 | K19: 1 | L19: 0 | M19: 1 | N19: 1 | O19: 0 | P19: 0 | Q19: 1 | R19: 1 | S19: 1 | T19: 1 | U19: 1 | V19: 0 | W19: 1 | X19: 1 | Y19: 1 | Z19: 1 | AA19: 0 | AB19: 0 | AC19: 1 | AD19: 0 | AE19: 0 | AF19: 5 | AG19: 16
A20: B26 | B20: VC | C20: 2015 | D20: 3 | E20: 2620 | F20: Pinus sylvestris (g) | G20: 1 | H20: 1 | I20: 1 | J20: 0 | K20: 1 | L20: 1 | M20: 1 | N20: 1 | O20: 1 | P20: 0 | Q20: 1 | R20: 0 | S20: 0 | T20: 0 | U20: 0 | V20: 0 | W20: 0 | X20: 0 | Y20: 0 | Z20: 0 | AA20: 0 | AB20: 0 | AC20: 0 | AD20: 1 | AE20: 0 | AF20: 0.1 | AG20: 10 | AI20: DI805 | AL20: QA600 | AO20: QA600
A21: B26 | B21: VC | C21: 2015 | D21: 3 | E21: 1894 | F21: Polytrichum juniperinum | G21: 0 | H21: 1 | I21: 1 | J21: 1 | K21: 1 | L21: 0 | M21: 1 | N21: 1 | O21: 0 | P21: 0 | Q21: 0 | R21: 0 | S21: 0 | T21: 0 | U21: 0 | V21: 1 | W21: 0 | X21: 0 | Y21: 1 | Z21: 0 | AA21: 0 | AB21: 0 | AC21: 1 | AD21: 1 | AE21: 0 | AF21: 0.1 | AG21: 10 | AI21: DI805 | AL21: QA600 | AO21: QA600
A22: B26 | B22: VC | C22: 2015 | D22: 3 | E22: 1046 | F22: Potentilla erecta | G22: 0 | H22: 0 | I22: 0 | J22: 0 | K22: 0 | L22: 0 | M22: 0 | N22: 0 | O22: 0 | P22: 0 | Q22: 0 | R22: 0 | S22: 0 | T22: 0 | U22: 0 | V22: 0 | W22: 0 | X22: 0 | Y22: 0 | Z22: 0 | AA22: 0 | AB22: 0 | AC22: 0 | AD22: 0 | AE22: 1 | AF22: 0.1 | AG22: 1
A23: B26 | B23: VC | C23: 2015 | D23: 3 | E23: 1914 | F23: Pseudoscleropodium purum | G23: 1 | H23: 1 | I23: 0 | J23: 0 | K23: 0 | L23: 1 | M23: 0 | N23: 0 | O23: 0 | P23: 0 | Q23: 1 | R23: 0 | S23: 0 | T23: 0 | U23: 1 | V23: 1 | W23: 1 | X23: 0 | Y23: 0 | Z23: 0 | AA23: 1 | AB23: 1 | AC23: 1 | AD23: 1 | AE23: 0 | AF23: 3 | AG23: 11
A24: B26 | B24: VC | C24: 2015 | D24: 6 | E24: 278 | F24: Calluna vulgaris | G24: 1 | H24: 1 | I24: 1 | J24: 1 | K24: 0 | L24: 1 | M24: 1 | N24: 1 | O24: 1 | P24: 0 | Q24: 0 | R24: 0 | S24: 0 | T24: 0 | U24: 0 | V24: 1 | W24: 0 | X24: 0 | Y24: 1 | Z24: 1 | AA24: 1 | AB24: 1 | AC24: 0 | AD24: 0 | AE24: 0 | AF24: 1 | AG24: 13
A25: B26 | B25: VC | C25: 2015 | D25: 6 | E25: 3192 | F25: Dactylorhiza | G25: 0 | H25: 0 | I25: 0 | J25: 0 | K25: 0 | L25: 0 | M25: 0 | N25: 0 | O25: 0 | P25: 0 | Q25: 0 | R25: 0 | S25: 0 | T25: 0 | U25: 0 | V25: 0 | W25: 0 | X25: 0 | Y25: 0 | Z25: 0 | AA25: 0 | AB25: 0 | AC25: 0 | AD25: 1 | AE25: 0 | AF25: 0.1 | AG25: 1 | AH25: Idenitified to genus only. No sample. Orchid sp. (Marsh?) | AI25: DI805 | AJ25: DI807 | AL25: QA600 | AM25: QA607 | AO25: QA607
A26: B26 | B26: VC | C26: 2015 | D26: 6 | E26: 494 | F26: Drosera rotundifolia | G26: 1 | H26: 1 | I26: 1 | J26: 1 | K26: 1 | L26: 1 | M26: 1 | N26: 1 | O26: 1 | P26: 1 | Q26: 0 | R26: 1 | S26: 1 | T26: 1 | U26: 1 | V26: 0 | W26: 1 | X26: 1 | Y26: 1 | Z26: 1 | AA26: 1 | AB26: 1 | AC26: 0 | AD26: 1 | AE26: 1 | AF26: 3 | AG26: 22
A27: B26 | B27: VC | C27: 2015 | D27: 6 | E27: 542 | F27: Erica tetralix | G27: 1 | H27: 1 | I27: 1 | J27: 1 | K27: 1 | L27: 1 | M27: 1 | N27: 1 | O27: 1 | P27: 1 | Q27: 1 | R27: 1 | S27: 1 | T27: 1 | U27: 1 | V27: 1 | W27: 1 | X27: 1 | Y27: 1 | Z27: 1 | AA27: 1 | AB27: 1 | AC27: 1 | AD27: 1 | AE27: 1 | AF27: 15 | AG27: 25
A28: B26 | B28: VC | C28: 2015 | D28: 6 | E28: 546 | F28: Eriophorum angustifolium | G28: 1 | H28: 1 | I28: 1 | J28: 1 | K28: 1 | L28: 1 | M28: 0 | N28: 1 | O28: 1 | P28: 1 | Q28: 1 | R28: 1 | S28: 1 | T28: 1 | U28: 1 | V28: 1 | W28: 1 | X28: 0 | Y28: 1 | Z28: 1 | AA28: 1 | AB28: 1 | AC28: 1 | AD28: 1 | AE28: 1 | AF28: 3 | AG28: 23
A29: B26 | B29: VC | C29: 2015 | D29: 6 | E29: 876 | F29: Molinia caerulea | G29: 1 | H29: 1 | I29: 1 | J29: 1 | K29: 1 | L29: 1 | M29: 1 | N29: 1 | O29: 1 | P29: 1 | Q29: 1 | R29: 1 | S29: 1 | T29: 1 | U29: 1 | V29: 1 | W29: 1 | X29: 1 | Y29: 1 | Z29: 1 | AA29: 1 | AB29: 1 | AC29: 1 | AD29: 1 | AE29: 1 | AF29: 15 | AG29: 25
A30: B26 | B30: VC | C30: 2015 | D30: 6 | E30: 901 | F30: Narthecium ossifragum | G30: 0 | H30: 0 | I30: 0 | J30: 1 | K30: 0 | L30: 1 | M30: 1 | N30: 1 | O30: 0 | P30: 0 | Q30: 0 | R30: 0 | S30: 1 | T30: 0 | U30: 1 | V30: 1 | W30: 0 | X30: 1 | Y30: 1 | Z30: 1 | AA30: 1 | AB30: 1 | AE30: 1 | AF30: 0.1 | AG30: 13 | AI30: DI805 | AL30: QA600 | AO30: QA600
A31: B26 | B31: VC | C31: 2015 | D31: 6 | E31: 4292 | F31: Pinus seedling | G31: 1 | H31: 0 | I31: 0 | J31: 0 | K31: 0 | L31: 0 | M31: 0 | N31: 0 | O31: 0 | P31: 0 | Q31: 0 | R31: 0 | S31: 0 | T31: 0 | U31: 0 | V31: 0 | W31: 0 | X31: 0 | Y31: 0 | Z31: 0 | AA31: 0 | AB31: 0 | AC31: 0 | AD31: 0 | AE31: 0 | AF31: 5 | AG31: 1 | AH31: Pine stage not recorded on field form | AI31: DI814
A32: B26 | B32: VC | C32: 2015 | D32: 6 | E32: 1109 | F32: Rhynchospora alba | G32: 0 | H32: 0 | I32: 0 | J32: 1 | K32: 1 | L32: 1 | M32: 1 | N32: 1 | O32: 1 | P32: 1 | Q32: 1 | R32: 1 | S32: 1 | T32: 0 | U32: 1 | V32: 1 | W32: 1 | X32: 1 | Y32: 1 | Z32: 1 | AA32: 1 | AB32: 1 | AC32: 1 | AD32: 0 | AE32: 1 | AF32: 10 | AG32: 20
A33: B26 | B33: VC | C33: 2015 | D33: 6 | E33: 6026 | F33: Sphagnum denticulatum s.l. | G33: 1 | H33: 0 | I33: 0 | J33: 1 | K33: 1 | L33: 0 | M33: 0 | N33: 0 | O33: 0 | P33: 1 | Q33: 1 | R33: 1 | S33: 1 | T33: 0 | U33: 1 | V33: 0 | W33: 0 | X33: 1 | Y33: 0 | Z33: 0 | AA33: 0 | AB33: 1 | AC33: 1 | AD33: 1 | AE33: 1 | AF33: 15 | AG33: 13 | AL33: QA606 | AO33: QA606
A34: B26 | B34: VC | C34: 2015 | D34: 6 | E34: 1971 | F34: Sphagnum palustre | G34: 0 | H34: 0 | I34: 0 | J34: 0 | K34: 0 | L34: 0 | M34: 0 | N34: 0 | O34: 0 | P34: 0 | Q34: 0 | R34: 1 | S34: 0 | T34: 0 | U34: 0 | V34: 0 | W34: 0 | X34: 0 | Y34: 0 | Z34: 0 | AA34: 0 | AB34: 1 | AC34: 0 | AD34: 0 | AE34: 0 | AF34: 2 | AG34: 2
A35: B26 | B35: VC | C35: 2015 | D35: 6 | E35: 1972 | F35: Sphagnum papillosum | G35: 1 | H35: 1 | I35: 1 | J35: 1 | K35: 1 | L35: 1 | M35: 1 | N35: 1 | O35: 1 | P35: 1 | Q35: 1 | R35: 1 | S35: 1 | T35: 1 | U35: 1 | V35: 1 | W35: 1 | X35: 1 | Y35: 1 | Z35: 1 | AA35: 1 | AB35: 1 | AC35: 0 | AD35: 0 | AE35: 1 | AF35: 40 | AG35: 23 | AH35: 2 species recorded by expert in sample bag - unclear which species the cell data belong to. Sphag papillosum recorded next to sample name though so assigned to this & S. tenellum added as separate line. | AI35: DI810 | AL35: QA605 | AM35: QA602 | AO35: QA602
A36: B26 | B36: VC | C36: 2015 | D36: 6 | E36: 1984 | F36: Sphagnum tenellum | G36: 1 | H36: 0 | I36: 0 | J36: 0 | K36: 0 | L36: 0 | M36: 0 | N36: 0 | O36: 0 | P36: 0 | Q36: 0 | R36: 0 | S36: 0 | T36: 0 | U36: 0 | V36: 0 | W36: 0 | X36: 0 | Y36: 0 | Z36: 0 | AA36: 0 | AB36: 0 | AC36: 0 | AD36: 0 | AE36: 0 | AG36: 1 | AH36: ID confirmed by specialist for moss D but entered as separate line. No PERCENT_COVER recorded. | AI36: DI810 | AJ36: DI802 | AK36: DI800 | AL36: QA601 | AM36: QA608 | AN36: QA777 | AO36: QA777
A37: B26 | B37: VC | C37: 2015 | D37: 7 | E37: 278 | F37: Calluna vulgaris | G37: 1 | H37: 1 | I37: 1 | J37: 1 | K37: 1 | L37: 0 | M37: 0 | N37: 1 | O37: 1 | P37: 0 | Q37: 0 | R37: 0 | S37: 1 | T37: 1 | U37: 0 | V37: 1 | W37: 1 | X37: 1 | Y37: 0 | Z37: 1 | AA37: 0 | AB37: 1 | AC37: 1 | AD37: 0 | AE37: 1 | AF37: 20 | AG37: 16
A38: B26 | B38: VC | C38: 2015 | D38: 7 | E38: 1576 | F38: Campylopus introflexus | G38: 0 | H38: 0 | I38: 0 | J38: 0 | K38: 0 | L38: 1 | M38: 0 | N38: 0 | O38: 0 | P38: 0 | Q38: 1 | R38: 0 | S38: 0 | T38: 0 | U38: 0 | V38: 0 | W38: 0 | X38: 0 | Y38: 0 | Z38: 1 | AA38: 1 | AB38: 0 | AC38: 0 | AD38: 0 | AE38: 0 | AF38: 0.1 | AG38: 4 | AH38: merged with Moss A | AI38: DI805 | AJ38: DI809 | AL38: QA600 | AM38: QA605 | AN38: QA777 | AO38: QA777
A39: B26 | B39: VC | C39: 2015 | D39: 7 | E39: 2694 | F39: Cladonia | G39: 0 | H39: 0 | I39: 0 | J39: 0 | K39: 0 | L39: 0 | M39: 0 | N39: 0 | O39: 0 | P39: 1 | Q39: 0 | R39: 0 | S39: 0 | T39: 0 | U39: 0 | V39: 0 | W39: 0 | X39: 0 | Y39: 0 | Z39: 0 | AA39: 0 | AB39: 0 | AC39: 0 | AD39: 0 | AE39: 0 | AF39: 0.1 | AG39: 1 | AH39: moss & lichen id but no liverwort in bag - dubious record - assigned as Cladonia as P. junip already recorded. | AI39: DI810 | AJ39: DI805 | AK39: DI809 | AL39: QA603 | AM39: QA605 | AN39: QA788 | AO39: QA788
A40: B26 | B40: VC | C40: 2015 | D40: 7 | E40: 6003 | F40: Cladonia diversa | G40: 1 | H40: 1 | I40: 1 | J40: 0 | K40: 1 | L40: 0 | M40: 1 | N40: 1 | O40: 0 | P40: 1 | Q40: 1 | R40: 1 | S40: 1 | T40: 0 | U40: 1 | V40: 1 | W40: 0 | X40: 1 | Y40: 1 | Z40: 1 | AA40: 1 | AB40: 0 | AC40: 0 | AD40: 0 | AE40: 0 | AF40: 0.1 | AG40: 16 | AI40: DI805 | AL40: QA600 | AO40: QA600
A41: B26 | B41: VC | C41: 2015 | D41: 7 | E41: 2359 | F41: Cladonia fimbriata | G41: 1 | H41: 0 | I41: 1 | J41: 1 | K41: 1 | L41: 1 | M41: 1 | N41: 0 | O41: 1 | P41: 1 | Q41: 0 | R41: 1 | S41: 1 | T41: 0 | U41: 1 | V41: 1 | W41: 0 | X41: 1 | Y41: 1 | Z41: 1 | AA41: 1 | AB41: 1 | AC41: 0 | AD41: 1 | AE41: 1 | AF41: 0.1 | AG41: 19 | AI41: DI805 | AL41: QA600 | AO41: QA600
A42: B26 | B42: VC | C42: 2015 | D42: 7 | E42: 2362 | F42: Cladonia furcata | G42: 0 | H42: 1 | I42: 0 | J42: 1 | K42: 1 | L42: 0 | M42: 1 | N42: 0 | O42: 1 | P42: 1 | Q42: 1 | R42: 1 | S42: 0 | T42: 0 | U42: 0 | V42: 0 | W42: 0 | X42: 1 | Y42: 1 | Z42: 1 | AA42: 0 | AB42: 0 | AC42: 1 | AD42: 0 | AE42: 1 | AF42: 1 | AG42: 13
A43: B26 | B43: VC | C43: 2015 | D43: 7 | E43: 2366 | F43: Cladonia portentosa | G43: 0 | H43: 1 | I43: 0 | J43: 0 | K43: 0 | L43: 0 | M43: 0 | N43: 1 | O43: 1 | P43: 0 | Q43: 0 | R43: 0 | S43: 0 | T43: 0 | U43: 0 | V43: 0 | W43: 0 | X43: 0 | Y43: 0 | Z43: 0 | AA43: 0 | AB43: 0 | AC43: 0 | AD43: 1 | AE43: 1 | AF43: 0.1 | AG43: 5 | AI43: DI805 | AL43: QA600 | AO43: QA600
A44: B26 | B44: VC | C44: 2015 | D44: 7 | E44: 478 | F44: Deschampsia flexuosa | G44: 0 | H44: 0 | I44: 0 | J44: 0 | K44: 0 | L44: 0 | M44: 0 | N44: 0 | O44: 0 | P44: 0 | Q44: 0 | R44: 0 | S44: 0 | T44: 0 | U44: 0 | V44: 1 | W44: 0 | X44: 1 | Y44: 0 | Z44: 0 | AA44: 0 | AB44: 1 | AC44: 1 | AD44: 0 | AE44: 0 | AF44: 1 | AG44: 4
A45: B26 | B45: VC | C45: 2015 | D45: 7 | E45: 541 | F45: Erica cinerea | G45: 1 | H45: 1 | I45: 1 | J45: 1 | K45: 1 | L45: 1 | M45: 1 | N45: 1 | O45: 1 | P45: 1 | Q45: 1 | R45: 1 | S45: 1 | T45: 1 | U45: 1 | V45: 1 | W45: 1 | X45: 1 | Y45: 1 | Z45: 1 | AA45: 1 | AB45: 1 | AC45: 1 | AD45: 1 | AE45: 1 | AF45: 30 | AG45: 25
A46: B26 | B46: VC | C46: 2015 | D46: 7 | E46: #N/A | F46: Evernia prunastri | G46: 1 | H46: 0 | I46: 0 | J46: 0 | K46: 0 | L46: 0 | M46: 0 | N46: 0 | O46: 0 | P46: 0 | Q46: 0 | R46: 0 | S46: 0 | T46: 0 | U46: 1 | V46: 1 | W46: 0 | X46: 0 | Y46: 0 | Z46: 0 | AA46: 0 | AB46: 0 | AC46: 0 | AD46: 0 | AE46: 0 | AF46: 0.1 | AG46: 3 | AI46: DI805 | AL46: QA600 | AM46: QA606 | AO46: QA606
A47: B26 | B47: VC | C47: 2015 | D47: 7 | E47: 2695 | F47: Hypnum jutlandicum | G47: 0 | H47: 0 | I47: 0 | J47: 1 | K47: 0 | L47: 0 | M47: 0 | N47: 0 | O47: 0 | P47: 0 | Q47: 0 | R47: 0 | S47: 0 | T47: 0 | U47: 0 | V47: 1 | W47: 0 | X47: 0 | Y47: 0 | Z47: 0 | AA47: 0 | AB47: 0 | AC47: 1 | AD47: 0 | AE47: 0 | AF47: 0.1 | AG47: 3 | AI47: DI805 | AL47: QA600 | AM47: QA605 | AO47: QA600
A48: B26 | B48: VC | C48: 2015 | D48: 7 | E48: #N/A | F48: Hypotrachyna revoluta | G48: 1 | H48: 1 | I48: 1 | J48: 1 | K48: 1 | L48: 1 | M48: 1 | N48: 0 | O48: 1 | P48: 0 | Q48: 1 | R48: 0 | S48: 1 | T48: 0 | U48: 1 | V48: 1 | W48: 1 | X48: 0 | Y48: 0 | Z48: 0 | AA48: 1 | AB48: 1 | AC48: 0 | AD48: 0 | AE48: 0 | AF48: 0.1 | AG48: 15 | AI48: DI805 | AL48: QA600 | AM48: QA606 | AO48: QA606
A49: B26 | B49: VC | C49: 2015 | D49: 7 | E49: 2620 | F49: Pinus sylvestris (g) | G49: 1 | H49: 0 | I49: 1 | J49: 0 | K49: 0 | L49: 1 | M49: 1 | N49: 1 | O49: 1 | P49: 0 | Q49: 0 | R49: 0 | S49: 0 | T49: 0 | U49: 0 | V49: 1 | W49: 1 | X49: 0 | Y49: 0 | Z49: 0 | AA49: 0 | AB49: 1 | AC49: 1 | AD49: 1 | AE49: 0 | AF49: 1 | AG49: 11
A50: B26 | B50: VC | C50: 2015 | D50: 7 | E50: 1894 | F50: Polytrichum juniperinum | G50: 1 | H50: 0 | I50: 1 | J50: 1 | K50: 1 | L50: 1 | M50: 0 | N50: 0 | O50: 1 | P50: 1 | Q50: 1 | R50: 1 | S50: 1 | T50: 0 | U50: 1 | V50: 1 | W50: 0 | X50: 1 | Y50: 1 | Z50: 1 | AA50: 1 | AB50: 0 | AC50: 1 | AD50: 0 | AE50: 0 | AF50: 0.1 | AG50: 17 | AI50: DI805 | AJ50: DI809 | AL50: QA600 | AM50: QA605 | AO50: QA600
A51: B26 | B51: VC | C51: 2015 | D51: 7 | E51: 1066 | F51: Pteridium aquilinum | G51: 0 | H51: 0 | I51: 0 | J51: 1 | K51: 0 | L51: 0 | M51: 0 | N51: 0 | O51: 0 | P51: 0 | Q51: 1 | R51: 0 | S51: 0 | T51: 1 | U51: 1 | V51: 0 | W51: 1 | X51: 1 | Y51: 0 | Z51: 0 | AA51: 0 | AB51: 0 | AC51: 1 | AD51: 1 | AE51: 0 | AF51: 10 | AG51: 8
A52: B26 | B52: VC | C52: 2015 | D52: 7 | E52: 2628 | F52: Quercus robur (g) | G52: 0 | H52: 0 | I52: 0 | J52: 0 | K52: 1 | L52: 0 | M52: 0 | N52: 0 | O52: 0 | P52: 0 | Q52: 0 | R52: 0 | S52: 0 | T52: 0 | U52: 0 | V52: 0 | W52: 0 | X52: 0 | Y52: 0 | Z52: 0 | AA52: 0 | AB52: 0 | AC52: 0 | AD52: 0 | AE52: 0 | AF52: 0.1 | AG52: 1 | AI52: DI805 | AL52: QA600 | AO52: QA600
A53: B26 | B53: VC | C53: 2015 | D53: 7 | E53: #N/A | F53: Ulex minor | G53: 0 | H53: 0 | I53: 0 | J53: 0 | K53: 0 | L53: 0 | M53: 0 | N53: 0 | O53: 0 | P53: 0 | Q53: 0 | R53: 0 | S53: 0 | T53: 0 | U53: 0 | V53: 0 | W53: 0 | X53: 0 | Y53: 0 | Z53: 0 | AA53: 0 | AB53: 0 | AC53: 0 | AD53: 0 | AE53: 1 | AF53: 2 | AG53: 1 | AL53: QA606 | AO53: QA606
A54: B26 | B54: VC | C54: 2015 | D54: 8 | E54: 278 | F54: Calluna vulgaris | G54: 1 | H54: 1 | I54: 1 | J54: 1 | K54: 1 | L54: 1 | M54: 1 | N54: 1 | O54: 1 | P54: 1 | Q54: 1 | R54: 0 | S54: 1 | T54: 1 | U54: 1 | V54: 1 | W54: 1 | X54: 0 | Y54: 1 | Z54: 0 | AA54: 0 | AB54: 0 | AC54: 0 | AD54: 1 | AE54: 0 | AF54: 15 | AG54: 18
A55: B26 | B55: VC | C55: 2015 | D55: 8 | E55: 1576 | F55: Campylopus introflexus | G55: 1 | H55: 1 | I55: 1 | J55: 1 | K55: 1 | L55: 1 | M55: 0 | N55: 0 | O55: 0 | P55: 1 | Q55: 0 | R55: 0 | S55: 0 | T55: 1 | U55: 1 | V55: 1 | W55: 0 | X55: 1 | Y55: 1 | Z55: 1 | AA55: 0 | AB55: 0 | AC55: 1 | AD55: 1 | AE55: 1 | AF55: 4 | AG55: 16 | AL55: QA606 | AO55: QA606
A56: B26 | B56: VC | C56: 2015 | D56: 8 | E56: 2824 | F56: Cladonia cervicornis subsp verticillata | G56: 0 | H56: 0 | I56: 1 | J56: 0 | K56: 0 | L56: 0 | M56: 0 | N56: 0 | O56: 0 | P56: 0 | Q56: 0 | R56: 0 | S56: 0 | T56: 0 | U56: 0 | V56: 0 | W56: 0 | X56: 0 | Y56: 0 | Z56: 1 | AA56: 0 | AB56: 0 | AC56: 0 | AD56: 0 | AE56: 0 | AF56: 0.1 | AG56: 2
A57: B26 | B57: VC | C57: 2015 | D57: 8 | E57: 2359 | F57: Cladonia fimbriata | G57: 1 | H57: 1 | I57: 0 | J57: 1 | K57: 0 | L57: 1 | M57: 0 | N57: 0 | O57: 0 | P57: 1 | Q57: 0 | R57: 0 | S57: 0 | T57: 0 | U57: 1 | V57: 1 | W57: 1 | X57: 0 | Y57: 1 | Z57: 1 | AA57: 0 | AB57: 0 | AC57: 1 | AD57: 1 | AE57: 1 | AF57: 0.1 | AG57: 13
A58: B26 | B58: VC | C58: 2015 | D58: 8 | E58: 2362 | F58: Cladonia furcata | G58: 1 | H58: 1 | I58: 1 | J58: 1 | K58: 0 | L58: 0 | M58: 0 | N58: 0 | O58: 1 | P58: 1 | Q58: 0 | R58: 1 | S58: 0 | T58: 1 | U58: 1 | V58: 1 | W58: 1 | X58: 0 | Y58: 1 | Z58: 1 | AA58: 1 | AB58: 1 | AC58: 1 | AD58: 1 | AE58: 1 | AF58: 0.1 | AG58: 18
A59: B26 | B59: VC | C59: 2015 | D59: 8 | E59: #N/A | F59: Cladonia ramulosa | G59: 0 | H59: 0 | I59: 0 | J59: 0 | K59: 0 | L59: 0 | M59: 0 | N59: 0 | O59: 0 | P59: 0 | Q59: 0 | R59: 0 | S59: 0 | T59: 0 | U59: 0 | V59: 0 | W59: 0 | X59: 0 | Y59: 0 | Z59: 0 | AA59: 0 | AB59: 0 | AC59: 0 | AD59: 0 | AE59: 1 | AF59: 0.1 | AG59: 1 | AI59: DI806 | AL59: QA606 | AO59: QA606
A60: B26 | B60: VC | C60: 2015 | D60: 8 | E60: 478 | F60: Deschampsia flexuosa | G60: 0 | H60: 1 | I60: 0 | J60: 0 | K60: 0 | L60: 0 | M60: 0 | N60: 0 | O60: 0 | P60: 0 | Q60: 0 | R60: 0 | S60: 0 | T60: 0 | U60: 0 | V60: 0 | W60: 0 | X60: 0 | Y60: 0 | Z60: 0 | AA60: 0 | AB60: 0 | AC60: 0 | AD60: 0 | AE60: 0 | AF60: 0.1 | AG60: 1
A61: B26 | B61: VC | C61: 2015 | D61: 8 | E61: 1638 | F61: Dicranum scoparium | G61: 1 | H61: 0 | I61: 0 | J61: 0 | K61: 0 | L61: 0 | M61: 0 | N61: 0 | O61: 0 | P61: 1 | Q61: 0 | R61: 0 | S61: 0 | T61: 0 | U61: 0 | V61: 0 | W61: 0 | X61: 0 | Y61: 0 | Z61: 0 | AA61: 0 | AB61: 0 | AC61: 0 | AD61: 0 | AE61: 0 | AF61: 0.1 | AG61: 2 | AL61: QA605 | AO61: QA605
A62: B26 | B62: VC | C62: 2015 | D62: 8 | E62: 541 | F62: Erica cinerea | G62: 1 | H62: 1 | I62: 1 | J62: 1 | K62: 1 | L62: 1 | M62: 1 | N62: 1 | O62: 1 | P62: 1 | Q62: 1 | R62: 1 | S62: 1 | T62: 1 | U62: 1 | V62: 0 | W62: 0 | X62: 1 | Y62: 1 | Z62: 1 | AA62: 1 | AB62: 1 | AC62: 1 | AD62: 1 | AE62: 1 | AF62: 75 | AG62: 23
A63: B26 | B63: VC | C63: 2015 | D63: 8 | E63: 2695 | F63: Hypnum jutlandicum | G63: 0 | H63: 0 | I63: 0 | J63: 0 | K63: 0 | L63: 0 | M63: 0 | N63: 0 | O63: 0 | P63: 0 | Q63: 1 | R63: 1 | S63: 1 | T63: 0 | U63: 0 | V63: 0 | W63: 1 | X63: 0 | Y63: 0 | Z63: 0 | AA63: 0 | AB63: 0 | AC63: 0 | AD63: 0 | AE63: 0 | AF63: 2 | AG63: 4
A64: B26 | B64: VC | C64: 2015 | D64: 8 | E64: 1677 | F64: Kindbergia praelonga | G64: 0 | H64: 1 | I64: 1 | J64: 0 | K64: 0 | L64: 0 | M64: 1 | N64: 1 | O64: 1 | P64: 1 | Q64: 1 | R64: 1 | S64: 1 | T64: 0 | U64: 0 | V64: 0 | W64: 1 | X64: 1 | Y64: 0 | Z64: 0 | AA64: 0 | AB64: 0 | AC64: 0 | AD64: 0 | AE64: 0 | AF64: 0.5 | AG64: 11
A65: B26 | B65: VC | C65: 2015 | D65: 8 | E65: 1894 | F65: Polytrichum juniperinum | G65: 1 | H65: 1 | I65: 1 | J65: 1 | K65: 0 | L65: 0 | M65: 1 | N65: 0 | O65: 1 | P65: 1 | Q65: 1 | R65: 0 | S65: 1 | T65: 1 | U65: 1 | V65: 1 | W65: 0 | X65: 1 | Y65: 1 | Z65: 1 | AA65: 1 | AB65: 1 | AC65: 1 | AD65: 1 | AE65: 1 | AF65: 5 | AG65: 20
A66: B26 | B66: VC | C66: 2015 | D66: 8 | E66: 2628 | F66: Quercus robur (g) | G66: 0 | H66: 0 | I66: 0 | J66: 0 | K66: 0 | L66: 0 | M66: 0 | N66: 0 | O66: 0 | P66: 0 | Q66: 0 | R66: 0 | S66: 0 | T66: 0 | U66: 0 | V66: 0 | W66: 0 | X66: 0 | Y66: 0 | Z66: 0 | AA66: 0 | AB66: 0 | AC66: 0 | AD66: 1 | AE66: 0 | AF66: 0.1 | AG66: 1
A67: B26 | B67: VC | C67: 2015 | D67: 11 | E67: 2607 | F67: Betula pendula (g) | G67: 0 | H67: 0 | I67: 0 | J67: 0 | K67: 0 | L67: 0 | M67: 0 | N67: 0 | O67: 0 | P67: 0 | Q67: 1 | R67: 0 | S67: 0 | T67: 0 | U67: 1 | V67: 0 | W67: 1 | X67: 0 | Y67: 0 | Z67: 1 | AA67: 0 | AB67: 0 | AC67: 1 | AD67: 0 | AE67: 0 | AF67: 12 | AG67: 5
A68: B26 | B68: VC | C68: 2015 | D68: 11 | E68: 278 | F68: Calluna vulgaris | G68: 1 | H68: 1 | I68: 1 | J68: 1 | K68: 1 | L68: 1 | M68: 1 | N68: 1 | O68: 1 | P68: 1 | Q68: 1 | R68: 1 | S68: 1 | T68: 1 | U68: 1 | V68: 1 | W68: 1 | X68: 1 | Y68: 1 | Z68: 1 | AA68: 1 | AB68: 1 | AC68: 1 | AD68: 1 | AE68: 1 | AF68: 85 | AG68: 25
A69: B26 | B69: VC | C69: 2015 | D69: 11 | E69: 1576 | F69: Campylopus introflexus | G69: 0 | H69: 0 | I69: 0 | J69: 0 | K69: 0 | L69: 1 | M69: 0 | N69: 0 | O69: 0 | P69: 0 | Q69: 1 | R69: 1 | S69: 1 | T69: 0 | U69: 1 | V69: 1 | W69: 1 | X69: 0 | Y69: 0 | Z69: 0 | AA69: 1 | AB69: 1 | AC69: 1 | AD69: 0 | AE69: 0 | AF69: 1 | AG69: 10 | AL69: QA606 | AO69: QA606
A70: B26 | B70: VC | C70: 2015 | D70: 11 | E70: 2824 | F70: Cladonia cervicornis subsp verticillata | G70: 0 | H70: 0 | I70: 0 | J70: 1 | K70: 1 | L70: 1 | M70: 1 | N70: 0 | O70: 0 | P70: 0 | Q70: 1 | R70: 1 | S70: 1 | T70: 0 | U70: 1 | V70: 1 | W70: 1 | X70: 1 | Y70: 0 | Z70: 0 | AA70: 0 | AB70: 1 | AC70: 0 | AD70: 0 | AE70: 0 | AF70: 0.1 | AG70: 12
A71: B26 | B71: VC | C71: 2015 | D71: 11 | E71: 2359 | F71: Cladonia fimbriata | G71: 0 | H71: 1 | I71: 1 | J71: 1 | K71: 1 | L71: 1 | M71: 1 | N71: 1 | O71: 1 | P71: 1 | Q71: 1 | R71: 1 | S71: 1 | T71: 1 | U71: 1 | V71: 1 | W71: 1 | X71: 1 | Y71: 0 | Z71: 1 | AA71: 1 | AB71: 1 | AC71: 0 | AD71: 1 | AE71: 1 | AF71: 0.1 | AG71: 22 | AI71: DI805 | AL71: QA600 | AO71: QA600
A72: B26 | B72: VC | C72: 2015 | D72: 11 | E72: 2362 | F72: Cladonia furcata | G72: 0 | H72: 0 | I72: 0 | J72: 0 | K72: 0 | L72: 0 | M72: 1 | N72: 0 | O72: 0 | P72: 0 | Q72: 0 | R72: 1 | S72: 0 | T72: 0 | U72: 0 | V72: 1 | W72: 1 | X72: 0 | Y72: 0 | Z72: 0 | AA72: 1 | AB72: 1 | AC72: 1 | AD72: 0 | AE72: 0 | AF72: 0.1 | AG72: 7 | AI72: DI805 | AL72: QA600 | AO72: QA600
A73: B26 | B73: VC | C73: 2015 | D73: 11 | E73: 2373 | F73: Cladonia ochrochlora | G73: 0 | H73: 0 | I73: 0 | J73: 0 | K73: 0 | L73: 0 | M73: 0 | N73: 1 | O73: 1 | P73: 0 | Q73: 0 | R73: 1 | S73: 0 | T73: 0 | U73: 0 | V73: 0 | W73: 0 | X73: 1 | Y73: 0 | Z73: 0 | AA73: 0 | AB73: 1 | AC73: 0 | AD73: 0 | AE73: 0 | AF73: 0.1 | AG73: 5 | AI73: DI805 | AL73: QA600 | AM73: QA605 | AO73: QA600
A74: B26 | B74: VC | C74: 2015 | D74: 11 | E74: 2366 | F74: Cladonia portentosa | G74: 0 | H74: 0 | I74: 0 | J74: 0 | K74: 0 | L74: 0 | M74: 1 | N74: 0 | O74: 0 | P74: 0 | Q74: 0 | R74: 1 | S74: 0 | T74: 0 | U74: 0 | V74: 0 | W74: 0 | X74: 0 | Y74: 0 | Z74: 0 | AA74: 0 | AB74: 0 | AC74: 0 | AD74: 0 | AE74: 0 | AF74: 0.1 | AG74: 2 | AI74: DI805 | AL74: QA600 | AO74: QA600
A75: B26 | B75: VC | C75: 2015 | D75: 11 | E75: 1638 | F75: Dicranum scoparium | G75: 0 | H75: 0 | I75: 0 | J75: 0 | K75: 0 | L75: 0 | M75: 0 | N75: 0 | O75: 0 | P75: 0 | Q75: 0 | R75: 0 | S75: 0 | T75: 0 | U75: 0 | V75: 1 | W75: 0 | X75: 0 | Y75: 0 | Z75: 0 | AA75: 0 | AB75: 0 | AC75: 1 | AD75: 0 | AE75: 0 | AF75: 0.1 | AG75: 2 | AI75: DI805 | AL75: QA600 | AM75: QA605 | AO75: QA600
A76: B26 | B76: VC | C76: 2015 | D76: 11 | E76: 541 | F76: Erica cinerea | G76: 0 | H76: 0 | I76: 0 | J76: 0 | K76: 0 | L76: 0 | M76: 0 | N76: 0 | O76: 0 | P76: 0 | Q76: 0 | R76: 0 | S76: 0 | T76: 0 | U76: 0 | V76: 0 | W76: 0 | X76: 0 | Y76: 1 | Z76: 0 | AA76: 0 | AB76: 0 | AC76: 0 | AD76: 1 | AE76: 0 | AF76: 0.1 | AG76: 2 | AI76: DI805 | AL76: QA600 | AO76: QA600
A77: B26 | B77: VC | C77: 2015 | D77: 11 | E77: #N/A | F77: Hypotrachyna revoluta | G77: 0 | H77: 0 | I77: 0 | J77: 0 | K77: 0 | L77: 0 | M77: 0 | N77: 0 | O77: 1 | P77: 0 | Q77: 0 | R77: 0 | S77: 1 | T77: 1 | U77: 1 | V77: 0 | W77: 0 | X77: 0 | Y77: 1 | Z77: 1 | AA77: 1 | AB77: 0 | AC77: 1 | AD77: 1 | AE77: 1 | AF77: 0.1 | AG77: 10 | AI77: DI805 | AL77: QA600 | AM77: QA606 | AO77: QA600
A78: B26 | B78: VC | C78: 2015 | D78: 11 | E78: 1677 | F78: Kindbergia praelonga | G78: 1 | H78: 1 | I78: 1 | J78: 1 | K78: 1 | L78: 1 | M78: 1 | N78: 1 | O78: 1 | P78: 1 | Q78: 1 | R78: 1 | S78: 1 | T78: 1 | U78: 1 | V78: 1 | W78: 1 | X78: 1 | Y78: 1 | Z78: 1 | AA78: 1 | AB78: 1 | AC78: 1 | AD78: 1 | AE78: 1 | AF78: 15 | AG78: 25
A79: B26 | B79: VC | C79: 2015 | D79: 11 | E79: 876 | F79: Molinia caerulea | G79: 1 | H79: 0 | I79: 0 | J79: 0 | K79: 0 | L79: 1 | M79: 0 | N79: 0 | O79: 0 | P79: 0 | Q79: 0 | R79: 0 | S79: 0 | T79: 0 | U79: 0 | V79: 0 | W79: 0 | X79: 0 | Y79: 0 | Z79: 0 | AA79: 0 | AB79: 0 | AC79: 0 | AD79: 0 | AE79: 0 | AF79: 0.1 | AG79: 2 | AI79: DI805 | AL79: QA600 | AO79: QA600
A80: B26 | B80: VC | C80: 2015 | D80: 11 | E80: 2620 | F80: Pinus sylvestris (g) | G80: 0 | H80: 0 | I80: 0 | J80: 0 | K80: 1 | L80: 1 | M80: 1 | N80: 0 | O80: 0 | P80: 0 | Q80: 1 | R80: 1 | S80: 0 | T80: 0 | U80: 0 | V80: 0 | W80: 0 | X80: 0 | Y80: 1 | Z80: 0 | AA80: 1 | AB80: 0 | AC80: 0 | AD80: 1 | AE80: 0 | AF80: 8 | AG80: 8
A81: B26 | B81: VC | C81: 2015 | D81: 11 | E81: 1891 | F81: Polytrichum commune | G81: 0 | H81: 0 | I81: 0 | J81: 0 | K81: 0 | L81: 1 | M81: 0 | N81: 0 | O81: 0 | P81: 0 | Q81: 1 | R81: 1 | S81: 0 | T81: 0 | U81: 0 | V81: 1 | W81: 0 | X81: 0 | Y81: 0 | Z81: 0 | AA81: 0 | AB81: 0 | AC81: 0 | AD81: 0 | AE81: 0 | AF81: 0.1 | AG81: 4 | AI81: DI805 | AL81: QA600 | AO81: QA600
A82: B26 | B82: VC | C82: 2015 | D82: 12 | E82: 2362 | F82: Cladonia furcata | G82: 0 | H82: 0 | I82: 0 | J82: 0 | K82: 0 | L82: 1 | M82: 0 | N82: 0 | O82: 0 | P82: 0 | Q82: 0 | R82: 0 | S82: 0 | T82: 0 | U82: 0 | V82: 0 | W82: 0 | X82: 0 | Y82: 0 | Z82: 0 | AA82: 0 | AB82: 0 | AC82: 0 | AD82: 0 | AE82: 0 | AF82: 0.1 | AG82: 1 | AI82: DI805 | AL82: QA600 | AO82: QA600
A83: B26 | B83: VC | C83: 2015 | D83: 12 | E83: 478 | F83: Deschampsia flexuosa | G83: 1 | H83: 0 | I83: 0 | J83: 1 | K83: 1 | L83: 1 | M83: 0 | N83: 1 | O83: 1 | P83: 1 | Q83: 1 | R83: 1 | S83: 0 | T83: 1 | U83: 1 | V83: 0 | W83: 0 | X83: 0 | Y83: 0 | Z83: 0 | AA83: 0 | AB83: 0 | AC83: 0 | AD83: 0 | AE83: 0 | AF83: 2 | AG83: 11
A84: B26 | B84: VC | C84: 2015 | D84: 12 | E84: 1638 | F84: Dicranum scoparium | G84: 1 | H84: 0 | I84: 1 | J84: 1 | K84: 1 | L84: 1 | M84: 1 | N84: 1 | O84: 1 | P84: 1 | Q84: 0 | R84: 1 | S84: 1 | T84: 1 | U84: 1 | V84: 0 | W84: 1 | X84: 0 | Y84: 1 | Z84: 1 | AA84: 1 | AB84: 0 | AC84: 1 | AD84: 1 | AE84: 0 | AF84: 1 | AG84: 19
A85: B26 | B85: VC | C85: 2015 | D85: 12 | E85: 541 | F85: Erica cinerea | G85: 1 | H85: 1 | I85: 1 | J85: 1 | K85: 1 | L85: 1 | M85: 1 | N85: 1 | O85: 1 | P85: 1 | Q85: 1 | R85: 1 | S85: 1 | T85: 1 | U85: 1 | V85: 1 | W85: 1 | X85: 1 | Y85: 1 | Z85: 1 | AA85: 1 | AB85: 1 | AC85: 1 | AD85: 1 | AE85: 1 | AF85: 60 | AG85: 25
A86: B26 | B86: VC | C86: 2015 | D86: 12 | E86: 574 | F86: Festuca ovina | G86: 1 | H86: 1 | I86: 0 | J86: 1 | K86: 0 | L86: 0 | M86: 0 | N86: 0 | O86: 0 | P86: 0 | Q86: 1 | R86: 1 | S86: 1 | T86: 0 | U86: 1 | V86: 1 | W86: 1 | X86: 1 | Y86: 1 | Z86: 1 | AA86: 1 | AB86: 1 | AC86: 1 | AD86: 1 | AE86: 1 | AF86: 5 | AG86: 17
A87: B26 | B87: VC | C87: 2015 | D87: 12 | E87: 610 | F87: Galium saxatile | G87: 1 | H87: 0 | I87: 1 | J87: 1 | K87: 1 | L87: 0 | M87: 1 | N87: 1 | O87: 1 | P87: 1 | Q87: 0 | R87: 1 | S87: 1 | T87: 1 | U87: 0 | V87: 0 | W87: 0 | X87: 1 | Y87: 1 | Z87: 1 | AA87: 1 | AB87: 1 | AC87: 1 | AD87: 1 | AE87: 0 | AF87: 5 | AG87: 18
A88: B26 | B88: VC | C88: 2015 | D88: 12 | E88: 1766 | F88: Hypnum cupressiforme | G88: 0 | H88: 0 | I88: 0 | J88: 0 | K88: 0 | L88: 0 | M88: 0 | N88: 0 | O88: 0 | P88: 0 | Q88: 0 | R88: 0 | S88: 0 | T88: 0 | U88: 0 | V88: 0 | W88: 0 | X88: 0 | Y88: 0 | Z88: 0 | AA88: 0 | AB88: 1 | AC88: 1 | AD88: 1 | AE88: 1 | AF88: 0.1 | AG88: 4 | AI88: DI805 | AL88: QA600 | AO88: QA600
A89: B26 | B89: VC | C89: 2015 | D89: 12 | E89: 2695 | F89: Hypnum jutlandicum | G89: 0 | H89: 0 | I89: 0 | J89: 0 | K89: 0 | L89: 0 | M89: 0 | N89: 0 | O89: 0 | P89: 0 | Q89: 0 | R89: 0 | S89: 0 | T89: 0 | U89: 0 | V89: 0 | W89: 1 | X89: 1 | Y89: 0 | Z89: 0 | AA89: 0 | AB89: 0 | AC89: 0 | AD89: 0 | AE89: 0 | AF89: 0.1 | AG89: 2 | AI89: DI805 | AL89: QA600 | AO89: QA600
A90: B26 | B90: VC | C90: 2015 | D90: 12 | E90: 1914 | F90: Pseudoscleropodium purum | G90: 1 | H90: 1 | I90: 0 | J90: 0 | K90: 0 | L90: 1 | M90: 0 | N90: 1 | O90: 0 | P90: 0 | Q90: 0 | R90: 1 | S90: 1 | T90: 0 | U90: 0 | V90: 1 | W90: 1 | X90: 0 | Y90: 1 | Z90: 1 | AA90: 1 | AB90: 0 | AC90: 0 | AD90: 0 | AE90: 0 | AF90: 0.1 | AG90: 11 | AI90: DI805 | AL90: QA600 | AO90: QA600
A91: B26 | B91: VC | C91: 2015 | D91: 12 | E91: 1066 | F91: Pteridium aquilinum | G91: 1 | H91: 1 | I91: 0 | J91: 0 | K91: 1 | L91: 1 | M91: 1 | N91: 1 | O91: 1 | P91: 1 | Q91: 0 | R91: 0 | S91: 1 | T91: 1 | U91: 1 | V91: 0 | W91: 0 | X91: 0 | Y91: 1 | Z91: 1 | AA91: 0 | AB91: 0 | AC91: 1 | AD91: 1 | AE91: 0 | AF91: 40 | AG91: 15
A92: B26 | B92: VC | C92: 2015 | D92: 12 | E92: 1140 | F92: Rumex acetosella | G92: 0 | H92: 0 | I92: 1 | J92: 1 | K92: 0 | L92: 0 | M92: 0 | N92: 0 | O92: 1 | P92: 1 | Q92: 0 | R92: 1 | S92: 0 | T92: 1 | U92: 1 | V92: 0 | W92: 0 | X92: 1 | Y92: 1 | Z92: 1 | AA92: 0 | AB92: 0 | AC92: 0 | AD92: 1 | AE92: 1 | AF92: 0.1 | AG92: 12 | AI92: DI805 | AL92: QA600 | AO92: QA600
A93: B26 | B93: VC | C93: 2015 | D93: 12 | E93: 2634 | F93: Sorbus aucuparia (g) | G93: 0 | H93: 0 | I93: 0 | J93: 0 | K93: 0 | L93: 0 | M93: 0 | N93: 0 | O93: 0 | P93: 0 | Q93: 0 | R93: 0 | S93: 1 | T93: 0 | U93: 1 | V93: 0 | W93: 0 | X93: 0 | Y93: 0 | Z93: 0 | AA93: 0 | AB93: 0 | AC93: 0 | AD93: 0 | AE93: 0 | AF93: 0.1 | AG93: 2 | AI93: DI805 | AL93: QA600 | AO93: QA600
A94: B26 | B94: VC | C94: 2015 | D94: 13 | E94: 278 | F94: Calluna vulgaris | G94: 0 | H94: 0 | I94: 1 | J94: 1 | K94: 1 | L94: 0 | M94: 0 | N94: 1 | O94: 1 | P94: 1 | Q94: 1 | R94: 1 | S94: 0 | T94: 1 | U94: 1 | V94: 1 | W94: 1 | X94: 1 | Y94: 1 | Z94: 1 | AA94: 1 | AB94: 1 | AC94: 1 | AD94: 1 | AE94: 1 | AF94: 40 | AG94: 20
A95: B26 | B95: VC | C95: 2015 | D95: 13 | E95: 1576 | F95: Campylopus introflexus | G95: 1 | H95: 1 | I95: 1 | J95: 1 | K95: 1 | L95: 1 | M95: 1 | N95: 1 | O95: 1 | P95: 1 | Q95: 1 | R95: 1 | S95: 1 | T95: 1 | U95: 1 | V95: 1 | W95: 1 | X95: 1 | Y95: 1 | Z95: 1 | AA95: 1 | AB95: 1 | AC95: 1 | AD95: 1 | AE95: 1 | AF95: 85 | AG95: 25 | AL95: QA606 | AO95: QA606
A96: B26 | B96: VC | C96: 2015 | D96: 13 | E96: 2362 | F96: Cladonia furcata | G96: 0 | H96: 0 | I96: 1 | J96: 1 | K96: 1 | L96: 1 | M96: 1 | N96: 1 | O96: 0 | P96: 1 | Q96: 0 | R96: 1 | S96: 0 | T96: 1 | U96: 0 | V96: 1 | W96: 0 | X96: 0 | Y96: 1 | Z96: 1 | AA96: 1 | AB96: 0 | AC96: 1 | AD96: 1 | AE96: 0 | AF96: 0.5 | AG96: 15
A97: B26 | B97: VC | C97: 2015 | D97: 13 | E97: 2366 | F97: Cladonia portentosa | G97: 0 | H97: 0 | I97: 0 | J97: 0 | K97: 0 | L97: 0 | M97: 1 | N97: 0 | O97: 0 | P97: 1 | Q97: 0 | R97: 0 | S97: 0 | T97: 0 | U97: 1 | V97: 1 | W97: 0 | X97: 0 | Y97: 0 | Z97: 0 | AA97: 0 | AB97: 0 | AC97: 0 | AD97: 0 | AE97: 0 | AF97: 0.1 | AG97: 4 | AI97: DI805 | AL97: QA600 | AO97: QA600
A98: B26 | B98: VC | C98: 2015 | D98: 13 | E98: #N/A | F98: Cladonia ramulosa | G98: 0 | H98: 0 | I98: 0 | J98: 1 | K98: 0 | L98: 0 | M98: 0 | N98: 0 | O98: 0 | P98: 1 | Q98: 0 | R98: 0 | S98: 0 | T98: 0 | U98: 0 | V98: 1 | W98: 1 | X98: 1 | Y98: 0 | Z98: 0 | AA98: 1 | AB98: 1 | AC98: 1 | AD98: 1 | AE98: 0 | AF98: 0.5 | AG98: 9 | AH98: cladonia ramulosa id from expert but not in database. Species id twice. Other line deleted as data frequency and abundance lower. | AI98: DI809 | AL98: QA605 | AO98: QA605
A99: B26 | B99: VC | C99: 2015 | D99: 13 | E99: 2620 | F99: Pinus sylvestris (g) | G99: 0 | H99: 0 | I99: 0 | J99: 0 | K99: 0 | L99: 0 | M99: 0 | N99: 0 | O99: 1 | P99: 0 | Q99: 0 | R99: 0 | S99: 0 | T99: 1 | U99: 0 | V99: 0 | W99: 0 | X99: 0 | Y99: 0 | Z99: 0 | AA99: 0 | AB99: 0 | AC99: 0 | AD99: 0 | AE99: 0 | AF99: 0.1 | AG99: 2 | AI99: DI805 | AL99: QA600 | AO99: QA600
A100: B26 | B100: VC | C100: 2015 | D100: 13 | E100: 1894 | F100: Polytrichum juniperinum | G100: 1 | H100: 1 | I100: 1 | J100: 1 | K100: 1 | L100: 1 | M100: 1 | N100: 1 | O100: 0 | P100: 1 | Q100: 1 | R100: 1 | S100: 1 | T100: 1 | U100: 1 | V100: 1 | W100: 1 | X100: 1 | Y100: 1 | Z100: 1 | AA100: 1 | AB100: 1 | AC100: 1 | AD100: 1 | AE100: 1 | AF100: 4 | AG100: 24
...

Sheet Ground Features
A1: SITECODE | B1: MCODE | C1: YEAR | D1: PLOT_ID | E1: FEATURE | F1: CELL_1 | G1: CELL_2 | H1: CELL_3 | I1: CELL_4 | J1: CELL_5 | K1: CELL_6 | L1: CELL_7 | M1: CELL_8 | N1: CELL_9 | O1: CELL_10 | P1: CELL_11 | Q1: CELL_12 | R1: CELL_13 | S1: CELL_14 | T1: CELL_15 | U1: CELL_16 | V1: CELL_17 | W1: CELL_18 | X1: CELL_19 | Y1: CELL_20 | Z1: CELL_21 | AA1: CELL_22 | AB1: CELL_23 | AC1: CELL_24 | AD1: CELL_25 | AE1: PERCENT_COVER | AF1: FREQUENCY | AG1: DATA_ENTRY_COMMENTS | AH1: DATA_ISSUE1 | AI1: DATA_ISSUE2 | AJ1: DATA_ISSUE3 | AK1: QA_CODE1 | AL1: QA_CODE2 | AM1: QA_CODE3 | AN1: FINAL_QA
A2: B26 | B2: VC | C2: 2015 | D2: 2 | E2: Vegetation height | F2: 8 | G2: 33.5 | H2: 17 | I2: 20 | J2: 30 | K2: 2.5 | L2: 22 | M2: 12.5 | N2: 12.5 | O2: 7.5 | P2: 7.5 | Q2: 2 | R2: 2 | S2: 1.5 | T2: 4 | U2: 5 | V2: 9 | W2: 15.5 | X2: 7 | Y2: 1.5 | Z2: 10.5 | AA2: 38 | AB2: 7.5 | AC2: 6 | AD2: 12
A3: B26 | B3: VC | C3: 2015 | D3: 2 | E3: Litter | F3: 1 | G3: 1 | H3: 1 | I3: 1 | J3: 1 | K3: 1 | L3: 1 | M3: 1 | N3: 1 | O3: 1 | P3: 1 | Q3: 1 | R3: 1 | S3: 1 | T3: 1 | U3: 1 | V3: 1 | W3: 1 | X3: 1 | Y3: 1 | Z3: 1 | AA3: 1 | AB3: 1 | AC3: 1 | AD3: 1 | AE3: 60 | AF3: 25
A4: B26 | B4: VC | C4: 2015 | D4: 2 | E4: Bare soil | F4: 0 | G4: 0 | H4: 0 | I4: 0 | J4: 0 | K4: 0 | L4: 0 | M4: 0 | N4: 0 | O4: 0 | P4: 0 | Q4: 0 | R4: 0 | S4: 1 | T4: 1 | U4: 0 | V4: 0 | W4: 0 | X4: 0 | Y4: 0 | Z4: 0 | AA4: 0 | AB4: 0 | AC4: 0 | AD4: 0 | AE4: 0.1 | AF4: 2 | AH4: DI805 | AK4: QA600 | AN4: QA600
A5: B26 | B5: VC | C5: 2015 | D5: 3 | E5: Vegetation height | F5: 6 | G5: 2.5 | H5: 1.5 | I5: 3 | J5: 6 | K5: 8 | L5: 3 | M5: 5 | N5: 17 | O5: 20 | P5: 7 | Q5: 4 | R5: 2 | S5: 9 | T5: 11.5 | U5: 4 | V5: 4.5 | W5: 3 | X5: 10 | Y5: 14 | Z5: 10 | AA5: 6 | AB5: 1.5 | AC5: 3 | AD5: 8
A6: B26 | B6: VC | C6: 2015 | D6: 3 | E6: Bare soil | F6: 0 | G6: 1 | H6: 1 | I6: 0 | J6: 0 | K6: 0 | L6: 1 | M6: 0 | N6: 0 | O6: 0 | P6: 0 | Q6: 0 | R6: 0 | S6: 0 | T6: 0 | U6: 0 | V6: 0 | W6: 0 | X6: 0 | Y6: 0 | Z6: 0 | AA6: 0 | AB6: 0 | AC6: 0 | AD6: 0 | AE6: 0.1 | AF6: 3 | AH6: DI805 | AK6: QA600 | AN6: QA600
A7: B26 | B7: VC | C7: 2015 | D7: 3 | E7: Litter | F7: 1 | G7: 1 | H7: 1 | I7: 1 | J7: 1 | K7: 1 | L7: 1 | M7: 1 | N7: 1 | O7: 1 | P7: 1 | Q7: 1 | R7: 1 | S7: 1 | T7: 1 | U7: 1 | V7: 1 | W7: 1 | X7: 1 | Y7: 1 | Z7: 1 | AA7: 1 | AB7: 1 | AC7: 1 | AD7: 1 | AE7: 4 | AF7: 25
A8: B26 | B8: VC | C8: 2015 | D8: 6 | E8: Vegetation height | F8: 6 | G8: 10.5 | H8: 13 | I8: 5.5 | J8: 6.5 | K8: 10 | L8: 10 | M8: 8.5 | N8: 7.5 | O8: 10.5 | P8: 12.5 | Q8: 8.5 | R8: 6.5 | S8: 11.5 | T8: 8 | U8: 12.5 | V8: 9.5 | W8: 10.5 | X8: 13 | Y8: 7 | Z8: 10.5 | AA8: 10.5 | AB8: 11.5 | AC8: 13.5 | AD8: 10.5
A9: B26 | B9: VC | C9: 2015 | D9: 6 | E9: Litter | F9: 1 | G9: 1 | H9: 1 | I9: 1 | J9: 1 | K9: 1 | L9: 1 | M9: 1 | N9: 1 | O9: 1 | P9: 1 | Q9: 1 | R9: 1 | S9: 1 | T9: 1 | U9: 1 | V9: 1 | W9: 1 | X9: 1 | Y9: 1 | Z9: 1 | AA9: 1 | AB9: 1 | AC9: 1 | AD9: 1 | AE9: 10 | AF9: 25
A10: B26 | B10: VC | C10: 2015 | D10: 6 | E10: Bare peat | F10: 0 | G10: 0 | H10: 0 | I10: 0 | J10: 0 | K10: 0 | L10: 0 | M10: 0 | N10: 0 | O10: 0 | P10: 0 | Q10: 0 | R10: 0 | S10: 0 | T10: 1 | U10: 0 | V10: 0 | W10: 0 | X10: 0 | Y10: 0 | Z10: 0 | AA10: 0 | AB10: 0 | AC10: 0 | AD10: 0 | AE10: 0.1 | AF10: 1
A11: B26 | B11: VC | C11: 2015 | D11: 7 | E11: Vegetation height | F11: 14 | G11: 27 | H11: 35 | I11: 28 | J11: 7 | K11: 10 | L11: 11 | M11: 10 | N11: 28 | O11: 22 | P11: 20 | Q11: 8 | R11: 11 | S11: 39 | T11: 37 | U11: 17 | V11: 33 | W11: 23 | X11: 20 | Y11: 7 | Z11: 10 | AA11: 33 | AB11: 25 | AC11: 15 | AD11: 33
A12: B26 | B12: VC | C12: 2015 | D12: 7 | E12: Bare soil | F12: 1 | G12: 0 | H12: 0 | I12: 0 | J12: 0 | K12: 0 | L12: 0 | M12: 0 | N12: 0 | O12: 0 | P12: 0 | Q12: 1 | R12: 0 | S12: 1 | T12: 0 | U12: 0 | V12: 0 | W12: 0 | X12: 0 | Y12: 0 | Z12: 0 | AA12: 0 | AB12: 0 | AC12: 0 | AD12: 0 | AE12: 0.1 | AF12: 3 | AH12: DI805 | AK12: QA600 | AN12: QA600
A13: B26 | B13: VC | C13: 2015 | D13: 7 | E13: Litter | F13: 1 | G13: 1 | H13: 1 | I13: 1 | J13: 1 | K13: 1 | L13: 1 | M13: 1 | N13: 1 | O13: 1 | P13: 1 | Q13: 1 | R13: 0 | S13: 1 | T13: 1 | U13: 1 | V13: 1 | W13: 1 | X13: 1 | Y13: 1 | Z13: 1 | AA13: 1 | AB13: 0 | AC13: 0 | AD13: 0 | AE13: 75 | AF13: 21
A14: B26 | B14: VC | C14: 2015 | D14: 8 | E14: Vegetation height | F14: 17.5 | G14: 15 | H14: 11.5 | I14: 11 | J14: 7.5 | K14: 23.5 | L14: 15 | M14: 18 | N14: 9 | O14: 9.5 | P14: 20 | Q14: 18 | R14: 26 | S14: 8 | T14: 6 | U14: 9 | V14: 26 | W14: 19 | X14: 9.5 | Y14: 4.5 | Z14: 8.5 | AA14: 11.5 | AB14: 9.5 | AC14: 14 | AD14: 6.5
A15: B26 | B15: VC | C15: 2015 | D15: 8 | E15: Bare soil | F15: 0 | G15: 1 | H15: 0 | I15: 0 | J15: 0 | K15: 0 | L15: 0 | M15: 0 | N15: 0 | O15: 0 | P15: 0 | Q15: 0 | R15: 0 | S15: 0 | T15: 0 | U15: 0 | V15: 0 | W15: 0 | X15: 0 | Y15: 0 | Z15: 0 | AA15: 0 | AB15: 0 | AC15: 0 | AD15: 0 | AF15: 1 | AG15: PERCENT_COVER not recorded. | AH15: DI800
A16: B26 | B16: VC | C16: 2015 | D16: 8 | E16: Litter | F16: 1 | G16: 1 | H16: 1 | I16: 1 | J16: 1 | K16: 1 | L16: 1 | M16: 1 | N16: 1 | O16: 1 | P16: 1 | Q16: 1 | R16: 1 | S16: 1 | T16: 1 | U16: 1 | V16: 1 | W16: 1 | X16: 1 | Y16: 1 | Z16: 1 | AA16: 1 | AB16: 1 | AC16: 1 | AD16: 1 | AE16: 80 | AF16: 25
A17: B26 | B17: VC | C17: 2015 | D17: 11 | E17: Vegetation height | F17: 15 | G17: 12 | H17: 19 | I17: 17 | J17: 27 | K17: 32 | L17: 37 | M17: 21 | N17: 20 | O17: 22 | P17: 13 | Q17: 13 | R17: 21 | S17: 30 | T17: 20 | U17: 21 | V17: 22 | W17: 11 | X17: 67 | Y17: 47 | Z17: 15 | AA17: 8 | AB17: 37 | AC17: 32 | AD17: 43
A18: B26 | B18: VC | C18: 2015 | D18: 11 | E18: Bare soil | F18: 0 | G18: 0 | H18: 1 | I18: 0 | J18: 0 | K18: 0 | L18: 0 | M18: 0 | N18: 0 | O18: 0 | P18: 0 | Q18: 0 | R18: 0 | S18: 0 | T18: 0 | U18: 0 | V18: 0 | W18: 0 | X18: 0 | Y18: 0 | Z18: 0 | AA18: 1 | AB18: 0 | AC18: 0 | AD18: 0 | AE18: 0.1 | AF18: 2 | AH18: DI805 | AK18: QA600 | AN18: QA600
A19: B26 | B19: VC | C19: 2015 | D19: 11 | E19: Litter | F19: 1 | G19: 1 | H19: 1 | I19: 1 | J19: 1 | K19: 1 | L19: 1 | M19: 1 | N19: 1 | O19: 1 | P19: 1 | Q19: 1 | R19: 1 | S19: 1 | T19: 1 | U19: 1 | V19: 1 | W19: 1 | X19: 1 | Y19: 1 | Z19: 1 | AA19: 1 | AB19: 1 | AC19: 1 | AD19: 1 | AE19: 90 | AF19: 25
A20: B26 | B20: VC | C20: 2015 | D20: 12 | E20: Vegetation height | F20: 18.5 | G20: 23.5 | H20: 15 | I20: 4 | J20: 20 | K20: 14.5 | L20: 18 | M20: 20.5 | N20: 15 | O20: 44 | P20: 22.5 | Q20: 19 | R20: 20 | S20: 15 | T20: 23.5 | U20: 15 | V20: 20 | W20: 17 | X20: 15 | Y20: 15.5 | Z20: 18.5 | AA20: 19 | AB20: 33 | AC20: 8.5 | AD20: 21
A21: B26 | B21: VC | C21: 2015 | D21: 12 | E21: Litter | F21: 0 | G21: 1 | H21: 1 | I21: 1 | J21: 1 | K21: 0 | L21: 1 | M21: 1 | N21: 1 | O21: 0 | P21: 0 | Q21: 1 | R21: 1 | S21: 1 | T21: 1 | U21: 1 | V21: 1 | W21: 0 | X21: 1 | Y21: 1 | Z21: 0 | AA21: 1 | AB21: 1 | AC21: 1 | AD21: 1 | AE21: 15 | AF21: 19
A22: B26 | B22: VC | C22: 2015 | D22: 13 | E22: Vegetation height | F22: 2 | G22: 1 | H22: 3.5 | I22: 16.5 | J22: 2.5 | K22: 1.5 | L22: 1 | M22: 2 | N22: 3 | O22: 3 | P22: 2 | Q22: 30 | R22: 1.5 | S22: 13 | T22: 21.5 | U22: 2.5 | V22: 2.5 | W22: 8 | X22: 20 | Y22: 7.5 | Z22: 7.5 | AA22: 11 | AB22: 6.5 | AC22: 24 | AD22: 20.5
A23: B26 | B23: VC | C23: 2015 | D23: 13 | E23: Bare soil | F23: 1 | G23: 1 | H23: 1 | I23: 1 | J23: 0 | K23: 0 | L23: 0 | M23: 0 | N23: 0 | O23: 0 | P23: 0 | Q23: 0 | R23: 0 | S23: 0 | T23: 0 | U23: 0 | V23: 0 | W23: 0 | X23: 0 | Y23: 0 | Z23: 0 | AA23: 0 | AB23: 0 | AC23: 0 | AD23: 0 | AE23: 6 | AF23: 4
A24: B26 | B24: VC | C24: 2015 | D24: 13 | E24: Litter | F24: 1 | G24: 1 | H24: 1 | I24: 1 | J24: 0 | K24: 0 | L24: 0 | M24: 0 | N24: 0 | O24: 0 | P24: 0 | Q24: 0 | R24: 0 | S24: 0 | T24: 0 | U24: 0 | V24: 0 | W24: 0 | X24: 0 | Y24: 0 | Z24: 0 | AA24: 0 | AB24: 0 | AC24: 0 | AD24: 0 | AE24: 12 | AF24: 4
A25: B26 | B25: VC | C25: 2015 | D25: 14 | E25: Vegetation height | F25: 250 | G25: 250 | H25: 250 | I25: 250 | J25: 250 | K25: 250 | L25: 250 | M25: 250 | N25: 250 | O25: 250 | P25: 250 | Q25: 250 | R25: 250 | S25: 250 | T25: 250 | U25: 250 | V25: 250 | W25: 250 | X25: 250 | Y25: 250 | Z25: 250 | AA25: 250 | AB25: 250 | AC25: 250 | AD25: 250 | AG25: VEGETATION HEIGHT not measured on a cell by cell basis | AH25: DI900
A26: B26 | B26: VC | C26: 2015 | D26: 14 | E26: Bare soil | AE26: 12 | AF26: 0 | AG26: NO CELL DATA. ? Against plot no. | AH26: DI801 | AI26: DI990 | AK26: QA777 | AN26: QA777
A27: B26 | B27: VC | C27: 2015 | D27: 14 | E27: Litter | AE27: 90 | AF27: 0 | AG27: NO CELL DATA. ? Against plot no. | AH27: DI801 | AI27: DI990 | AK27: QA777 | AN27: QA777
A28: B26 | B28: VC | C28: 2015 | D28: 16 | E28: Vegetation height | F28: 5 | G28: 10 | H28: 19 | I28: 14 | J28: 9 | K28: 12 | L28: 7 | M28: 12 | N28: 5 | O28: 6 | P28: 6 | Q28: 6 | R28: 7 | S28: 9 | T28: 11 | U28: 12 | V28: 11 | W28: 5 | X28: 6 | Y28: 10 | Z28: 9 | AA28: 8 | AB28: 6 | AC28: 8 | AD28: 6
A29: B26 | B29: VC | C29: 2015 | D29: 16 | E29: Open water | F29: 0 | G29: 0 | H29: 0 | I29: 0 | J29: 0 | K29: 0 | L29: 0 | M29: 0 | N29: 0 | O29: 0 | P29: 0 | Q29: 0 | R29: 0 | S29: 0 | T29: 0 | U29: 0 | V29: 0 | W29: 0 | X29: 0 | Y29: 0 | Z29: 0 | AA29: 0 | AB29: 0 | AC29: 0 | AD29: 1 | AE29: 1 | AF29: 1
A30: B26 | B30: VC | C30: 2015 | D30: 16 | E30: Bare peat | F30: 1 | G30: 1 | H30: 0 | I30: 0 | J30: 1 | K30: 0 | L30: 1 | M30: 1 | N30: 1 | O30: 0 | P30: 1 | Q30: 0 | R30: 0 | S30: 0 | T30: 0 | U30: 1 | V30: 1 | W30: 1 | X30: 1 | Y30: 1 | Z30: 1 | AA30: 1 | AB30: 1 | AC30: 1 | AD30: 1 | AE30: 10 | AF30: 17
A31: B26 | B31: VC | C31: 2015 | D31: 18 | E31: Vegetation height | F31: 17 | G31: 24 | H31: 42 | I31: 37 | J31: 40 | K31: 20 | L31: 28 | M31: 34 | N31: 41 | O31: 52 | P31: 25 | Q31: 20 | R31: 20 | S31: 24 | T31: 38 | U31: 14 | V31: 18 | W31: 8 | X31: 8 | Y31: 20 | Z31: 21 | AA31: 15 | AB31: 6 | AC31: 14 | AD31: 34
A32: B26 | B32: VC | C32: 2015 | D32: 18 | E32: Litter | F32: 1 | G32: 1 | H32: 1 | I32: 1 | J32: 1 | K32: 1 | L32: 1 | M32: 1 | N32: 1 | O32: 1 | P32: 1 | Q32: 1 | R32: 1 | S32: 1 | T32: 1 | U32: 1 | V32: 1 | W32: 1 | X32: 1 | Y32: 1 | Z32: 1 | AA32: 1 | AB32: 1 | AC32: 1 | AD32: 1 | AE32: 90 | AF32: 25
A33: B26 | B33: VC | C33: 2015 | D33: 20 | E33: Vegetation height | F33: 4 | G33: 5 | H33: 7 | I33: 7 | J33: 2.5 | K33: 6 | L33: 9.5 | M33: 3.5 | N33: 3 | O33: 3.5 | P33: 9 | Q33: 3.5 | R33: 4 | S33: 6 | T33: 4.5 | U33: 4.5 | V33: 11.5 | W33: 7.5 | X33: 10.5 | Y33: 6.5 | Z33: 15 | AA33: 4.5 | AB33: 10 | AC33: 3 | AD33: 4.5
A34: B26 | B34: VC | C34: 2015 | D34: 20 | E34: Bare earth | F34: 1 | G34: 1 | H34: 1 | I34: 1 | J34: 1 | K34: 1 | L34: 1 | M34: 1 | N34: 1 | O34: 1 | P34: 1 | Q34: 1 | R34: 1 | S34: 1 | T34: 1 | U34: 1 | V34: 1 | W34: 1 | X34: 1 | Y34: 1 | Z34: 0 | AA34: 0 | AB34: 1 | AC34: 0 | AD34: 0 | AE34: 10 | AF34: 21
A35: B26 | B35: VC | C35: 2015 | D35: 20 | E35: Litter | F35: 1 | G35: 1 | H35: 1 | I35: 1 | J35: 1 | K35: 1 | L35: 1 | M35: 1 | N35: 1 | O35: 1 | P35: 1 | Q35: 1 | R35: 1 | S35: 1 | T35: 1 | U35: 1 | V35: 1 | W35: 1 | X35: 1 | Y35: 1 | Z35: 1 | AA35: 1 | AB35: 1 | AC35: 1 | AD35: 1 | AE35: 15 | AF35: 25
A36: B26 | B36: VC | C36: 2015 | D36: 20 | E36: Bare Rock | F36: 0 | G36: 0 | H36: 0 | I36: 0 | J36: 0 | K36: 0 | L36: 0 | M36: 0 | N36: 0 | O36: 0 | P36: 0 | Q36: 0 | R36: 0 | S36: 0 | T36: 0 | U36: 0 | V36: 0 | W36: 0 | X36: 0 | Y36: 0 | Z36: 0 | AA36: 0 | AB36: 0 | AC36: 0 | AD36: 1 | AE36: 0.1 | AF36: 1 | AG36: recorded as 'stone' - changed to bare rock. | AH36: DI805 | AI36: DI990 | AK36: QA600 | AL36: QA901 | AN36: QA901
A37: B26 | B37: VC | C37: 2015 | D37: 21 | E37: Vegetation height | F37: 21.5 | G37: 21.5 | H37: 15 | I37: 13 | J37: 21 | K37: 16 | L37: 22 | M37: 16 | N37: 20.5 | O37: 17.5 | P37: 9 | Q37: 19 | R37: 11 | S37: 19 | T37: 18 | U37: 14 | V37: 18 | W37: 19.5 | X37: 21 | Y37: 19 | Z37: 15 | AA37: 20.5 | AB37: 29 | AC37: 27 | AD37: 19
A38: B26 | B38: VC | C38: 2015 | D38: 21 | E38: Bare peat | F38: 0 | G38: 0 | H38: 0 | I38: 0 | J38: 0 | K38: 0 | L38: 0 | M38: 0 | N38: 0 | O38: 0 | P38: 0 | Q38: 0 | R38: 0 | S38: 0 | T38: 0 | U38: 0 | V38: 0 | W38: 0 | X38: 1 | Y38: 0 | Z38: 1 | AA38: 1 | AB38: 0 | AC38: 0 | AD38: 0 | AE38: 0.1 | AF38: 3
A39: B26 | B39: VC | C39: 2015 | D39: 21 | E39: Litter | F39: 1 | G39: 1 | H39: 1 | I39: 1 | J39: 1 | K39: 1 | L39: 1 | M39: 1 | N39: 1 | O39: 1 | P39: 1 | Q39: 1 | R39: 1 | S39: 1 | T39: 1 | U39: 1 | V39: 1 | W39: 1 | X39: 1 | Y39: 1 | Z39: 1 | AA39: 1 | AB39: 1 | AC39: 1 | AD39: 1 | AE39: 15 | AF39: 25
A40: B26 | B40: VC | C40: 2015 | D40: 24 | E40: Vegetation height | F40: 16 | G40: 10 | H40: 16 | I40: 16 | J40: 15 | K40: 13 | L40: 15 | M40: 10 | N40: 11 | O40: 14 | P40: 13 | Q40: 21 | R40: 14 | S40: 10 | T40: 7 | U40: 7 | V40: 19 | W40: 11 | X40: 16 | Y40: 10 | Z40: 10 | AA40: 14 | AB40: 17 | AC40: 12 | AD40: 22
A41: B26 | B41: VC | C41: 2015 | D41: 24 | E41: Litter | F41: 1 | G41: 1 | H41: 1 | I41: 1 | J41: 1 | K41: 1 | L41: 1 | M41: 1 | N41: 1 | O41: 1 | P41: 1 | Q41: 1 | R41: 1 | S41: 1 | T41: 1 | U41: 1 | V41: 1 | W41: 1 | X41: 1 | Y41: 1 | Z41: 1 | AA41: 1 | AB41: 1 | AC41: 1 | AD41: 1 | AE41: 30 | AF41: 25
A42: B26 | B42: VC | C42: 2015 | D42: 26 | E42: Vegetation height | F42: 12.5 | G42: 13.5 | H42: 6 | I42: 12.5 | J42: 22 | K42: 8 | L42: 9 | M42: 6.5 | N42: 19.5 | O42: 25.5 | P42: 11.5 | Q42: 16.5 | R42: 19 | S42: 12 | T42: 21.5 | U42: 5.5 | V42: 19 | W42: 35.5 | X42: 26.5 | Y42: 17.5 | Z42: 11 | AA42: 13 | AB42: 20.5 | AC42: 22.5 | AD42: 13
A43: B26 | B43: VC | C43: 2015 | D43: 26 | E43: Bare soil | F43: 0 | G43: 0 | H43: 0 | I43: 0 | J43: 0 | K43: 1 | L43: 0 | M43: 0 | N43: 1 | O43: 0 | P43: 0 | Q43: 0 | R43: 0 | S43: 1 | T43: 0 | U43: 1 | V43: 0 | W43: 0 | X43: 0 | Y43: 0 | Z43: 1 | AA43: 0 | AB43: 0 | AC43: 0 | AD43: 0 | AE43: 0.1 | AF43: 5 | AG43: ? Against plot no. | AH43: DI990 | AI43: DI805 | AK43: QA600 | AN43: QA600
A44: B26 | B44: VC | C44: 2015 | D44: 26 | E44: Litter | F44: 1 | G44: 1 | H44: 1 | I44: 1 | J44: 1 | K44: 1 | L44: 1 | M44: 1 | N44: 1 | O44: 1 | P44: 1 | Q44: 1 | R44: 1 | S44: 1 | T44: 1 | U44: 1 | V44: 1 | W44: 1 | X44: 1 | Y44: 1 | Z44: 1 | AA44: 1 | AB44: 1 | AC44: 1 | AD44: 1 | AE44: 80 | AF44: 25 | AG44: ? Against plot no. | AH44: DI990
A45: B26 | B45: VC | C45: 2015 | D45: 27 | E45: Vegetation height | F45: 1 | G45: 4 | H45: 6 | I45: 13 | J45: 9 | K45: 2 | L45: 2 | M45: 4 | N45: 13 | O45: 8 | P45: 12 | Q45: 16 | R45: 13 | S45: 6 | T45: 12 | U45: 5 | V45: 9 | W45: 16 | X45: 27 | Y45: 3 | Z45: 2 | AA45: 12 | AB45: 37 | AC45: 34 | AD45: 3
A46: B26 | B46: VC | C46: 2015 | D46: 27 | E46: Bare peat | F46: 1 | G46: 0 | H46: 0 | I46: 1 | J46: 0 | K46: 0 | L46: 1 | M46: 1 | N46: 0 | O46: 0 | P46: 0 | Q46: 0 | R46: 1 | S46: 0 | T46: 0 | U46: 1 | V46: 0 | W46: 0 | X46: 0 | Y46: 1 | Z46: 0 | AA46: 0 | AB46: 0 | AC46: 0 | AD46: 1 | AE46: 12 | AF46: 8
A47: B26 | B47: VC | C47: 2015 | D47: 29 | E47: Vegetation height | F47: 8 | G47: 15 | H47: 8 | I47: 8 | J47: 8 | K47: 12 | L47: 13 | M47: 14 | N47: 11 | O47: 17 | P47: 10 | Q47: 10 | R47: 23 | S47: 8 | T47: 15 | U47: 10 | V47: 14 | W47: 12 | X47: 14 | Y47: 11 | Z47: 10 | AA47: 9 | AB47: 11 | AC47: 13 | AD47: 5
A48: B26 | B48: VC | C48: 2015 | D48: 29 | E48: Litter | F48: 1 | G48: 1 | H48: 1 | I48: 1 | J48: 1 | K48: 1 | L48: 1 | M48: 1 | N48: 1 | O48: 1 | P48: 1 | Q48: 1 | R48: 1 | S48: 1 | T48: 1 | U48: 1 | V48: 1 | W48: 1 | X48: 1 | Y48: 1 | Z48: 1 | AA48: 1 | AB48: 1 | AC48: 1 | AD48: 1 | AE48: 15 | AF48: 25
A49: B26 | B49: VC | C49: 2015 | D49: 30 | E49: Vegetation height | F49: 1 | G49: 9 | H49: 17 | I49: 8 | J49: 18 | K49: 8 | L49: 7 | M49: 6.5 | N49: 10 | O49: 10 | P49: 10 | Q49: 10.5 | R49: 3.5 | S49: 5 | T49: 9 | U49: 6 | V49: 6 | W49: 3.5 | X49: 5 | Y49: 9.5 | Z49: 7.5 | AA49: 6.5 | AB49: 10 | AC49: 12.5 | AD49: 5
A50: B26 | B50: VC | C50: 2015 | D50: 30 | E50: Bare peat | F50: 1 | G50: 1 | H50: 1 | I50: 1 | J50: 1 | K50: 1 | L50: 1 | M50: 1 | N50: 1 | O50: 1 | P50: 1 | Q50: 1 | R50: 1 | S50: 1 | T50: 1 | U50: 1 | V50: 1 | W50: 1 | X50: 1 | Y50: 1 | Z50: 1 | AA50: 1 | AB50: 1 | AC50: 1 | AD50: 1 | AE50: 80 | AF50: 25
A51: B26 | B51: VC | C51: 2015 | D51: 30 | E51: Litter | F51: 0 | G51: 1 | H51: 1 | I51: 1 | J51: 1 | K51: 1 | L51: 1 | M51: 1 | N51: 1 | O51: 1 | P51: 1 | Q51: 1 | R51: 1 | S51: 1 | T51: 1 | U51: 1 | V51: 1 | W51: 1 | X51: 1 | Y51: 1 | Z51: 1 | AA51: 1 | AB51: 1 | AC51: 1 | AD51: 1 | AE51: 1 | AF51: 24
A52: B26 | B52: VC | C52: 2015 | D52: 30 | E52: Open water | F52: 1 | G52: 1 | H52: 0 | I52: 1 | J52: 1 | K52: 0 | L52: 0 | M52: 1 | N52: 1 | O52: 1 | P52: 0 | Q52: 0 | R52: 0 | S52: 1 | T52: 1 | U52: 0 | V52: 0 | W52: 1 | X52: 1 | Y52: 0 | Z52: 0 | AA52: 0 | AB52: 0 | AC52: 1 | AD52: 1 | AE52: 5 | AF52: 13
A53: B26 | B53: VC | C53: 2015 | D53: 35 | E53: Vegetation height | F53: 11 | G53: 9 | H53: 8 | I53: 4 | J53: 2 | K53: 19 | L53: 18 | M53: 18 | N53: 12 | O53: 8 | P53: 5 | Q53: 6 | R53: 17 | S53: 2 | T53: 19 | U53: 15 | V53: 25 | W53: 21 | X53: 9 | Y53: 16 | Z53: 28 | AA53: 22 | AB53: 19 | AC53: 16 | AD53: 11
A54: B26 | B54: VC | C54: 2015 | D54: 35 | E54: Litter | F54: 0 | G54: 1 | H54: 1 | I54: 1 | J54: 1 | K54: 1 | L54: 1 | M54: 0 | N54: 1 | O54: 0 | P54: 1 | Q54: 1 | R54: 0 | S54: 0 | T54: 1 | U54: 0 | V54: 0 | W54: 0 | X54: 0 | Y54: 0 | Z54: 0 | AA54: 0 | AB54: 0 | AC54: 0 | AD54: 1 | AF54: 11 | AG54: PERCENT_COVER not recorded. | AH54: DI800
A55: B26 | B55: VC | C55: 2015 | D55: 36 | E55: Vegetation height | F55: 10.5 | G55: 20.5 | H55: 8.5 | I55: 8.5 | J55: 6.5 | K55: 18 | L55: 11.5 | M55: 9.5 | N55: 12.5 | O55: 12 | P55: 12.5 | Q55: 14 | R55: 12 | S55: 9.5 | T55: 11.5 | U55: 9 | V55: 11.5 | W55: 11.5 | X55: 8.5 | Y55: 9.5 | Z55: 5.5 | AA55: 10.5 | AB55: 11.5 | AC55: 9.5 | AD55: 9.5
A56: B26 | B56: VC | C56: 2015 | D56: 36 | E56: Litter | F56: 1 | G56: 1 | H56: 1 | I56: 1 | J56: 1 | K56: 1 | L56: 1 | M56: 1 | N56: 1 | O56: 1 | P56: 1 | Q56: 1 | R56: 1 | S56: 1 | T56: 1 | U56: 1 | V56: 1 | W56: 1 | X56: 1 | Y56: 1 | Z56: 1 | AA56: 1 | AB56: 1 | AC56: 1 | AD56: 1 | AE56: 4 | AF56: 25
A57: B26 | B57: VC | C57: 2015 | D57: 37 | E57: Vegetation height | F57: 29 | G57: 27 | H57: 12 | I57: 28 | J57: 30 | K57: 23 | L57: 28 | M57: 61 | N57: 25 | O57: 44 | P57: 18 | Q57: 26 | R57: 41 | S57: 25 | T57: 1 | U57: 30 | V57: 18.5 | W57: 17 | X57: 13 | Y57: 22 | Z57: 18 | AA57: 1 | AB57: 7 | AC57: 41 | AD57: 39
A58: B26 | B58: VC | C58: 2015 | D58: 37 | E58: Bare rock | F58: 0 | G58: 1 | H58: 0 | I58: 0 | J58: 0 | K58: 0 | L58: 0 | M58: 0 | N58: 0 | O58: 0 | P58: 0 | Q58: 0 | R58: 0 | S58: 0 | T58: 0 | U58: 0 | V58: 0 | W58: 0 | X58: 0 | Y58: 0 | Z58: 0 | AA58: 0 | AB58: 0 | AC58: 0 | AD58: 0 | AE58: 0.1 | AF58: 1 | AH58: DI805 | AK58: QA600 | AN58: QA600
A59: B26 | B59: VC | C59: 2015 | D59: 37 | E59: Litter | F59: 1 | G59: 1 | H59: 1 | I59: 1 | J59: 1 | K59: 1 | L59: 1 | M59: 1 | N59: 1 | O59: 1 | P59: 1 | Q59: 1 | R59: 1 | S59: 1 | T59: 1 | U59: 1 | V59: 1 | W59: 1 | X59: 1 | Y59: 1 | Z59: 1 | AA59: 1 | AB59: 1 | AC59: 1 | AD59: 1 | AE59: 80 | AF59: 25
A60: B26 | B60: VC | C60: 2015 | D60: 37 | E60: Bare soil | F60: 0 | G60: 0 | H60: 0 | I60: 0 | J60: 0 | K60: 0 | L60: 0 | M60: 0 | N60: 0 | O60: 1 | P60: 1 | Q60: 0 | R60: 0 | S60: 0 | T60: 0 | U60: 0 | V60: 0 | W60: 0 | X60: 0 | Y60: 0 | Z60: 0 | AA60: 0 | AB60: 0 | AC60: 0 | AD60: 0 | AE60: 0.1 | AF60: 2 | AH60: DI805 | AK60: QA600 | AN60: QA600
A61: B26 | B61: VC | C61: 2015 | D61: 38 | E61: Vegetation height | F61: 11.5 | G61: 19 | H61: 12 | I61: 15 | J61: 19.5 | K61: 18 | L61: 20 | M61: 24.5 | N61: 14 | O61: 20 | P61: 30 | Q61: 19 | R61: 15 | S61: 15 | T61: 18 | U61: 10.5 | V61: 16.5 | W61: 31.5 | X61: 16.5 | Y61: 0.5 | Z61: 9.5 | AA61: 9.5 | AB61: 24 | AC61: 14 | AD61: 31
A62: B26 | B62: VC | C62: 2015 | D62: 38 | E62: Litter | F62: 1 | G62: 1 | H62: 1 | I62: 1 | J62: 1 | K62: 1 | L62: 1 | M62: 1 | N62: 1 | O62: 1 | P62: 1 | Q62: 1 | R62: 1 | S62: 1 | T62: 1 | U62: 1 | V62: 1 | W62: 1 | X62: 1 | Y62: 1 | Z62: 1 | AA62: 1 | AB62: 1 | AC62: 1 | AD62: 1 | AE62: 25 | AF62: 25
A63: B26 | B63: VC | C63: 2015 | D63: 40 | E63: Vegetation height | F63: 10 | G63: 4 | H63: 8 | I63: 6 | J63: 10.5 | K63: 12 | L63: 9.5 | M63: 12.5 | N63: 5.5 | O63: 8 | P63: 12.5 | Q63: 10 | R63: 11.5 | S63: 10.5 | T63: 13.5 | U63: 9.5 | V63: 12.5 | W63: 12.5 | X63: 6 | Y63: 17 | Z63: 22 | AA63: 16 | AB63: 7.5 | AC63: 10 | AD63: 12
A64: B26 | B64: VC | C64: 2015 | D64: 40 | E64: Bare soil | F64: 0 | G64: 0 | H64: 0 | I64: 0 | J64: 1 | K64: 0 | L64: 1 | M64: 0 | N64: 0 | O64: 0 | P64: 0 | Q64: 0 | R64: 0 | S64: 0 | T64: 0 | U64: 0 | V64: 0 | W64: 0 | X64: 0 | Y64: 0 | Z64: 0 | AA64: 0 | AB64: 0 | AC64: 0 | AD64: 1 | AE64: 0.1 | AF64: 3 | AH64: DI805 | AK64: QA600 | AN64: QA600
A65: B26 | B65: VC | C65: 2015 | D65: 40 | E65: Litter | F65: 1 | G65: 1 | H65: 1 | I65: 1 | J65: 1 | K65: 1 | L65: 1 | M65: 1 | N65: 1 | O65: 1 | P65: 1 | Q65: 1 | R65: 1 | S65: 1 | T65: 1 | U65: 1 | V65: 1 | W65: 1 | X65: 1 | Y65: 1 | Z65: 1 | AA65: 1 | AB65: 1 | AC65: 1 | AD65: 1 | AE65: 70 | AF65: 25
A66: B26 | B66: VC | C66: 2015 | D66: 42 | E66: Vegetation height | F66: 2.5 | G66: 1.5 | H66: 1 | I66: 1.5 | J66: 2.5 | K66: 2 | L66: 2 | M66: 1 | N66: 3 | O66: 2.5 | P66: 5.5 | Q66: 2.5 | R66: 4 | S66: 4 | T66: 2.5 | U66: 4 | V66: 3.5 | W66: 4 | X66: 4.5 | Y66: 2.5 | Z66: 2 | AA66: 1 | AB66: 1 | AC66: 2 | AD66: 4.5
A67: B26 | B67: VC | C67: 2015 | D67: 42 | E67: Bare soil | F67: 1 | G67: 1 | H67: 1 | I67: 1 | J67: 1 | K67: 1 | L67: 1 | M67: 1 | N67: 1 | O67: 1 | P67: 1 | Q67: 1 | R67: 1 | S67: 1 | T67: 1 | U67: 0 | V67: 1 | W67: 0 | X67: 0 | Y67: 0 | Z67: 0 | AA67: 0 | AB67: 0 | AC67: 0 | AD67: 0 | AE67: 8 | AF67: 16
A68: B26 | B68: VC | C68: 2015 | D68: 42 | E68: Litter | F68: 1 | G68: 1 | H68: 1 | I68: 1 | J68: 1 | K68: 1 | L68: 1 | M68: 1 | N68: 1 | O68: 1 | P68: 1 | Q68: 1 | R68: 1 | S68: 1 | T68: 1 | U68: 1 | V68: 1 | W68: 1 | X68: 1 | Y68: 1 | Z68: 1 | AA68: 1 | AB68: 1 | AC68: 1 | AD68: 1 | AE68: 6 | AF68: 25
A69: B26 | B69: VC | C69: 2015 | D69: 44 | E69: Vegetation height | F69: 12 | G69: 17 | H69: 25 | I69: 22 | J69: 13 | K69: 36 | L69: 20 | M69: 16 | N69: 22 | O69: 20 | P69: 42 | Q69: 38 | R69: 29 | S69: 33 | T69: 13 | U69: 38 | V69: 45 | W69: 34 | X69: 55 | Y69: 25 | Z69: 32 | AA69: 42 | AB69: 34 | AC69: 73 | AD69: 80
A70: B26 | B70: VC | C70: 2015 | D70: 44 | E70: Litter | F70: 0 | G70: 0 | H70: 0 | I70: 0 | J70: 1 | K70: 0 | L70: 1 | M70: 0 | N70: 0 | O70: 0 | P70: 0 | Q70: 0 | R70: 0 | S70: 0 | T70: 0 | U70: 0 | V70: 0 | W70: 0 | X70: 0 | Y70: 0 | Z70: 0 | AA70: 0 | AB70: 0 | AC70: 0 | AD70: 0 | AF70: 2 | AG70: PERCENT_COVER not recorded. | AH70: DI800
A71: B26 | B71: VW | C71: 2015 | D71: 45 | E71: Vegetation height | F71: 6 | G71: 5.5 | H71: 15 | I71: 46 | J71: 58 | K71: 5 | L71: 4.5 | M71: 48 | N71: 130 | O71: 150 | P71: 5 | Q71: 5 | R71: 45 | S71: 104 | T71: 72 | U71: 3 | V71: 3 | W71: 54 | X71: 65 | Y71: 33 | Z71: 4 | AA71: 5 | AB71: 5 | AC71: 9 | AD71: 32
A72: B26 | B72: VW | C72: 2015 | D72: 45 | E72: Litter | F72: 1 | G72: 1 | H72: 1 | I72: 1 | J72: 1 | K72: 1 | L72: 1 | M72: 1 | N72: 1 | O72: 1 | P72: 1 | Q72: 1 | R72: 1 | S72: 1 | T72: 1 | U72: 1 | V72: 1 | W72: 1 | X72: 1 | Y72: 1 | Z72: 1 | AA72: 1 | AB72: 1 | AC72: 1 | AD72: 1 | AE72: 35 | AF72: 25
A73: B26 | B73: VC | C73: 2015 | D73: 46 | E73: Vegetation height | F73: 27 | G73: 75 | H73: 6.5 | I73: 4 | J73: 21 | K73: 19.5 | L73: 20.5 | M73: 7 | N73: 4 | O73: 4 | P73: 24 | Q73: 15 | R73: 15.5 | S73: 9 | T73: 26 | U73: 21.5 | V73: 12 | W73: 10 | X73: 10.5 | Y73: 17.5 | Z73: 7.5 | AA73: 8 | AB73: 12.5 | AC73: 16 | AD73: 19
A74: B26 | B74: VC | C74: 2015 | D74: 46 | E74: Bare soil | F74: 1 | G74: 1 | H74: 0 | I74: 1 | J74: 1 | K74: 1 | L74: 1 | M74: 0 | N74: 1 | O74: 0 | P74: 0 | Q74: 0 | R74: 0 | S74: 0 | T74: 0 | U74: 0 | V74: 1 | W74: 0 | X74: 1 | Y74: 1 | Z74: 1 | AA74: 0 | AB74: 0 | AC74: 0 | AD74: 1 | AE74: 2 | AF74: 12
A75: B26 | B75: VC | C75: 2015 | D75: 46 | E75: Litter | F75: 1 | G75: 1 | H75: 1 | I75: 1 | J75: 1 | K75: 1 | L75: 1 | M75: 1 | N75: 1 | O75: 1 | P75: 1 | Q75: 1 | R75: 1 | S75: 1 | T75: 1 | U75: 1 | V75: 1 | W75: 1 | X75: 1 | Y75: 1 | Z75: 1 | AA75: 1 | AB75: 1 | AC75: 1 | AD75: 1 | AE75: 15 | AF75: 25
A76: B26 | B76: VC | C76: 2015 | D76: 48 | E76: Vegetation height | F76: 31.5 | G76: 21 | H76: 4 | I76: 32 | J76: 29.5 | K76: 35.5 | L76: 22 | M76: 12 | N76: 12.5 | O76: 27.5 | P76: 7.5 | Q76: 11.5 | R76: 34 | S76: 18 | T76: 13 | U76: 12 | V76: 13 | W76: 34 | X76: 2.5 | Y76: 5 | Z76: 12 | AA76: 8.5 | AB76: 9.5 | AC76: 17.5 | AD76: 36.5
A77: B26 | B77: VC | C77: 2015 | D77: 48 | E77: Bare rock | F77: 0 | G77: 0 | H77: 0 | I77: 0 | J77: 0 | K77: 0 | L77: 0 | M77: 0 | N77: 0 | O77: 0 | P77: 0 | Q77: 0 | R77: 0 | S77: 0 | T77: 0 | U77: 0 | V77: 0 | W77: 0 | X77: 0 | Y77: 0 | Z77: 0 | AA77: 0 | AB77: 0 | AC77: 1 | AD77: 0 | AE77: 0.25 | AF77: 1
A78: B26 | B78: VC | C78: 2015 | D78: 48 | E78: Bare soil | F78: 0 | G78: 0 | H78: 1 | I78: 0 | J78: 0 | K78: 0 | L78: 0 | M78: 0 | N78: 0 | O78: 0 | P78: 0 | Q78: 0 | R78: 0 | S78: 0 | T78: 1 | U78: 0 | V78: 0 | W78: 0 | X78: 0 | Y78: 0 | Z78: 0 | AA78: 0 | AB78: 1 | AC78: 0 | AD78: 0 | AE78: 1 | AF78: 3 | AG78: Changed "3" in cell 3 to 1. | AH78: DI805 | AK78: QA601 | AN78: QA601
A79: B26 | B79: VC | C79: 2015 | D79: 48 | E79: Litter | F79: 1 | G79: 1 | H79: 1 | I79: 1 | J79: 1 | K79: 1 | L79: 1 | M79: 1 | N79: 1 | O79: 1 | P79: 1 | Q79: 1 | R79: 1 | S79: 1 | T79: 1 | U79: 1 | V79: 1 | W79: 1 | X79: 1 | Y79: 1 | Z79: 1 | AA79: 1 | AB79: 1 | AC79: 1 | AD79: 0 | AE79: 30 | AF79: 24
A80: B26 | B80: VC | C80: 2015 | D80: 49 | E80: Vegetation height | F80: 15 | G80: 5 | H80: 5 | I80: 10.5 | J80: 2 | K80: 23.5 | L80: 10 | M80: 9.5 | N80: 1.5 | O80: 2 | P80: 3.5 | Q80: 2.5 | R80: 2 | S80: 2 | T80: 8 | U80: 2 | V80: 3 | W80: 2 | X80: 2 | Y80: 63 | Z80: 3 | AA80: 3 | AB80: 4 | AC80: 25 | AD80: 99
A81: B26 | B81: VC | C81: 2015 | D81: 49 | E81: Bare rock | F81: 0 | G81: 0 | H81: 0 | I81: 0 | J81: 0 | K81: 0 | L81: 0 | M81: 0 | N81: 0 | O81: 0 | P81: 1 | Q81: 1 | R81: 0 | S81: 0 | T81: 1 | U81: 0 | V81: 0 | W81: 0 | X81: 0 | Y81: 0 | Z81: 0 | AA81: 0 | AB81: 0 | AC81: 0 | AD81: 0 | AE81: 0.1 | AF81: 3 | AG81: cells 11, 12 & 16 note 'stone' | AH81: DI805 | AI81: DI990 | AK81: QA600 | AN81: QA600
A82: B26 | B82: VC | C82: 2015 | D82: 49 | E82: Bare soil | F82: 1 | G82: 1 | H82: 1 | I82: 1 | J82: 1 | K82: 0 | L82: 1 | M82: 1 | N82: 1 | O82: 1 | P82: 1 | Q82: 1 | R82: 1 | S82: 1 | T82: 1 | U82: 1 | V82: 0 | W82: 1 | X82: 1 | Y82: 0 | Z82: 1 | AA82: 0 | AB82: 0 | AC82: 0 | AD82: 0 | AE82: 2 | AF82: 18
A83: B26 | B83: VC | C83: 2015 | D83: 49 | E83: Litter | F83: 1 | G83: 1 | H83: 1 | I83: 1 | J83: 1 | K83: 1 | L83: 1 | M83: 1 | N83: 1 | O83: 1 | P83: 1 | Q83: 1 | R83: 1 | S83: 1 | T83: 1 | U83: 1 | V83: 1 | W83: 1 | X83: 1 | Y83: 1 | Z83: 1 | AA83: 1 | AB83: 1 | AC83: 1 | AD83: 1 | AE83: 2 | AF83: 25
A84: B26 | B84: VC | C84: 2015 | D84: 51 | E84: Vegetation height | F84: 11.5 | G84: 10.5 | H84: 9.5 | I84: 9.5 | J84: 8.5 | K84: 9.5 | L84: 5 | M84: 7 | N84: 5 | O84: 14.5 | P84: 13.5 | Q84: 6.5 | R84: 6.5 | S84: 8 | T84: 10.5 | U84: 9.5 | V84: 8.5 | W84: 14.5 | X84: 15 | Y84: 9 | Z84: 13 | AA84: 13.5 | AB84: 11.5 | AC84: 9 | AD84: 15
A85: B26 | B85: VC | C85: 2015 | D85: 51 | E85: Bare peat | F85: 1 | G85: 1 | H85: 1 | I85: 1 | J85: 1 | K85: 1 | L85: 1 | M85: 1 | N85: 1 | O85: 1 | P85: 1 | Q85: 1 | R85: 0 | S85: 1 | T85: 1 | U85: 1 | V85: 1 | W85: 1 | X85: 1 | Y85: 1 | Z85: 1 | AA85: 1 | AB85: 1 | AC85: 1 | AD85: 1 | AE85: 4 | AF85: 24
A86: B26 | B86: VC | C86: 2015 | D86: 51 | E86: Litter | F86: 1 | G86: 1 | H86: 1 | I86: 1 | J86: 1 | K86: 1 | L86: 1 | M86: 1 | N86: 1 | O86: 1 | P86: 1 | Q86: 1 | R86: 1 | S86: 1 | T86: 1 | U86: 1 | V86: 1 | W86: 1 | X86: 1 | Y86: 1 | Z86: 1 | AA86: 1 | AB86: 1 | AC86: 1 | AD86: 1 | AE86: 10 | AF86: 25
A87: B26 | B87: VC | C87: 2015 | D87: 52 | E87: Vegetation height | F87: 35 | G87: 35 | H87: 18 | I87: 11 | J87: 6.5 | K87: 11 | L87: 11.5 | M87: 8 | N87: 9 | O87: 9 | P87: 17 | Q87: 16 | R87: 16 | S87: 19 | T87: 100 | U87: 18 | V87: 20 | W87: 27.5 | X87: 23 | Y87: 32 | Z87: 5 | AA87: 0 | AB87: 6.5 | AC87: 23 | AD87: 46
A88: B26 | B88: VC | C88: 2015 | D88: 52 | E88: Bare soil | F88: 0 | G88: 0 | H88: 0 | I88: 0 | J88: 1 | K88: 0 | L88: 0 | M88: 0 | N88: 0 | O88: 0 | P88: 0 | Q88: 0 | R88: 0 | S88: 0 | T88: 0 | U88: 0 | V88: 0 | W88: 0 | X88: 0 | Y88: 0 | Z88: 1 | AA88: 1 | AB88: 0 | AC88: 1 | AD88: 0 | AE88: 0.1 | AF88: 4 | AH88: DI805 | AK88: QA600 | AN88: QA600
A89: B26 | B89: VC | C89: 2015 | D89: 52 | E89: Litter | F89: 1 | G89: 1 | H89: 1 | I89: 1 | J89: 1 | K89: 1 | L89: 1 | M89: 1 | N89: 1 | O89: 1 | P89: 1 | Q89: 1 | R89: 1 | S89: 1 | T89: 1 | U89: 1 | V89: 1 | W89: 1 | X89: 1 | Y89: 1 | Z89: 1 | AA89: 1 | AB89: 1 | AC89: 1 | AD89: 1 | AE89: 35 | AF89: 25
A90: B26 | B90: VC | C90: 2015 | D90: 52 | E90: Bare peat | F90: 0 | G90: 0 | H90: 0 | I90: 0 | J90: 0 | K90: 0 | L90: 0 | M90: 0 | N90: 1 | O90: 0 | P90: 1 | Q90: 0 | R90: 0 | S90: 0 | T90: 0 | U90: 0 | V90: 0 | W90: 0 | X90: 0 | Y90: 0 | Z90: 0 | AA90: 0 | AB90: 0 | AC90: 0 | AD90: 0 | AE90: 0.1 | AF90: 2
A91: B26 | B91: VC | C91: 2015 | D91: 53 | E91: Vegetation height | F91: 10.5 | G91: 8.5 | H91: 8.5 | I91: 8.5 | J91: 5.5 | K91: 9 | L91: 7.5 | M91: 10.5 | N91: 6.5 | O91: 11.5 | P91: 15 | Q91: 12.5 | R91: 20.5 | S91: 17.5 | T91: 13.5 | U91: 8.5 | V91: 14 | W91: 25 | X91: 9 | Y91: 9 | Z91: 11.5 | AA91: 12.5 | AB91: 10.5 | AC91: 12.5 | AD91: 10.5
A92: B26 | B92: VC | C92: 2015 | D92: 53 | E92: Litter | F92: 1 | G92: 1 | H92: 1 | I92: 1 | J92: 1 | K92: 1 | L92: 1 | M92: 1 | N92: 1 | O92: 1 | P92: 1 | Q92: 1 | R92: 1 | S92: 1 | T92: 1 | U92: 1 | V92: 1 | W92: 1 | X92: 1 | Y92: 1 | Z92: 1 | AA92: 1 | AB92: 1 | AC92: 1 | AD92: 1 | AE92: 6 | AF92: 25
A93: B26 | B93: VC | C93: 2015 | D93: 57 | E93: Vegetation height | F93: 6.5 | G93: 16 | H93: 11 | I93: 11 | J93: 11 | K93: 10.5 | L93: 11.5 | M93: 9.5 | N93: 15 | O93: 14 | P93: 12.5 | Q93: 19 | R93: 12.5 | S93: 20 | T93: 15 | U93: 11 | V93: 7.5 | W93: 8.5 | X93: 15 | Y93: 11.5 | Z93: 10.5 | AA93: 9.5 | AB93: 14.5 | AC93: 10.5 | AD93: 20
A94: B26 | B94: VC | C94: 2015 | D94: 57 | E94: Open water | F94: 0 | G94: 0 | H94: 1 | I94: 0 | J94: 0 | K94: 0 | L94: 0 | M94: 1 | N94: 0 | O94: 0 | P94: 0 | Q94: 0 | R94: 1 | S94: 1 | T94: 0 | U94: 0 | V94: 0 | W94: 0 | X94: 0 | Y94: 0 | Z94: 0 | AA94: 0 | AB94: 0 | AC94: 0 | AD94: 1 | AE94: 1 | AF94: 5
A95: B26 | B95: VC | C95: 2015 | D95: 57 | E95: Bare peat | F95: 1 | G95: 0 | H95: 0 | I95: 0 | J95: 0 | K95: 1 | L95: 1 | M95: 1 | N95: 0 | O95: 0 | P95: 1 | Q95: 0 | R95: 1 | S95: 0 | T95: 0 | U95: 1 | V95: 0 | W95: 1 | X95: 0 | Y95: 1 | Z95: 1 | AA95: 1 | AB95: 0 | AC95: 0 | AD95: 1 | AE95: 3 | AF95: 12
A96: B26 | B96: VC | C96: 2015 | D96: 57 | E96: Litter | F96: 1 | G96: 1 | H96: 1 | I96: 1 | J96: 1 | K96: 1 | L96: 1 | M96: 1 | N96: 1 | O96: 1 | P96: 1 | Q96: 1 | R96: 1 | S96: 1 | T96: 1 | U96: 1 | V96: 1 | W96: 1 | X96: 1 | Y96: 1 | Z96: 1 | AA96: 1 | AB96: 1 | AC96: 1 | AD96: 1 | AE96: 20 | AF96: 25
A97: B26 | B97: VC | C97: 2015 | D97: 58 | E97: Vegetation height | F97: 18 | G97: 7 | H97: 42 | I97: 17.5 | J97: 58 | K97: 12.5 | L97: 31 | M97: 29 | N97: 17 | O97: 36 | P97: 1 | Q97: 4 | R97: 2 | S97: 20 | T97: 11 | U97: 23 | V97: 9.5 | W97: 11 | X97: 3.5 | Y97: 31 | Z97: 3.5 | AA97: 0.5 | AB97: 1.5 | AC97: 1 | AD97: 25.5
A98: B26 | B98: VC | C98: 2015 | D98: 58 | E98: Bare soil | F98: 0 | G98: 0 | H98: 0 | I98: 0 | J98: 0 | K98: 1 | L98: 1 | M98: 0 | N98: 1 | O98: 1 | P98: 1 | Q98: 1 | R98: 0 | S98: 0 | T98: 1 | U98: 0 | V98: 1 | W98: 1 | X98: 1 | Y98: 0 | Z98: 1 | AA98: 1 | AB98: 1 | AC98: 0 | AD98: 0 | AE98: 10 | AF98: 13
A99: B26 | B99: VC | C99: 2015 | D99: 58 | E99: Litter | F99: 1 | G99: 1 | H99: 1 | I99: 1 | J99: 1 | K99: 1 | L99: 1 | M99: 1 | N99: 1 | O99: 1 | P99: 1 | Q99: 1 | R99: 1 | S99: 1 | T99: 1 | U99: 1 | V99: 1 | W99: 1 | X99: 1 | Y99: 1 | Z99: 1 | AA99: 1 | AB99: 1 | AC99: 1 | AD99: 1 | AE99: 20 | AF99: 25
A100: B26 | B100: VC | C100: 2015 | D100: 59 | E100: Vegetation height | F100: 26 | G100: 34 | H100: 24.5 | I100: 15 | J100: 12 | K100: 51 | L100: 60 | M100: 61 | N100: 58 | O100: 23 | P100: 58 | Q100: 39 | R100: 50 | S100: 54 | T100: 56.5 | U100: 35 | V100: 44 | W100: 59.5 | X100: 40 | Y100: 36 | Z100: 34 | AA100: 24 | AB100: 39 | AC100: 41.5 | AD100: 26
...

Sheet Woodland Coordinates
A1: SITECODE | B1: MCODE | C1: YEAR | D1: PLOT_ID | E1: WOODLAND_SUBCELL_ID | F1: WOODLAND_SUBCELL_X | G1: WOODLAND_SUBCELL_Y | H1: BEARING_OF_STEM_FROM_CENTRE_OF_RANDOM_CELL | I1: DISTANCE_OF_STEM_FROM_CENTRE_OF_RANDOM_CELL | J1: DATA _ENTRY_COMMENTS | K1: DATA_ISSUE1 | L1: DATA_ISSUE2 | M1: DATA_ISSUE3 | N1: QA_CODE1 | O1: QA_CODE2 | P1: QA_CODE3 | Q1: FINAL_QA
A2: B26 | B2: VW | C2: 2015 | D2: 19 | E2: 1 | F2: 22 | G2: 24 | H2: 184 | J2: DISTANCE_OF_STEM_FROM_CENTRE_OF_RANDOM_CELL category added after this survey took place.
A3: B26 | B3: VW | C3: 2015 | D3: 19 | E3: 2 | F3: 12 | G3: 23 | H3: 112
A4: B26 | B4: VW | C4: 2015 | D4: 19 | E4: 3 | F4: 22 | G4: 25 | H4: 110
A5: B26 | B5: VW | C5: 2015 | D5: 19 | E5: 4 | F5: 4 | G5: 24 | H5: 0
A6: B26 | B6: VW | C6: 2015 | D6: 19 | E6: 5 | F6: 22 | G6: 4 | H6: 270
A7: B26 | B7: VW | C7: 2015 | D7: 19 | E7: 6 | F7: 6 | G7: 22 | H7: 320
A8: B26 | B8: VW | C8: 2015 | D8: 19 | E8: 7 | F8: 15 | G8: 9 | H8: 10
A9: B26 | B9: VW | C9: 2015 | D9: 19 | E9: 8 | F9: 23 | G9: 18 | H9: 220
A10: B26 | B10: VW | C10: 2015 | D10: 19 | E10: 9 | F10: 19 | G10: 23 | H10: 180
A11: B26 | B11: VW | C11: 2015 | D11: 19 | E11: 10 | F11: 21 | G11: 11 | H11: 270
A12: B26 | B12: VW | C12: 2015 | D12: 45 | E12: 1 | F12: 8 | G12: 3 | H12: 238
A13: B26 | B13: VW | C13: 2015 | D13: 45 | E13: 2 | F13: 5 | G13: 16 | H13: 249
A14: B26 | B14: VW | C14: 2015 | D14: 45 | E14: 3 | F14: 10 | G14: 10 | H14: 240
... A17: B26 | B17: VW | C17: 2015 | D17: 45 | E17: 6 | F17: 6 | G17: 20 | H17: 292
A18: B26 | B18: VW | C18: 2015 | D18: 45 | E18: 7 | F18: 16 | G18: 2 | J18: Tree dead | K18: 237
A19: B26 | B19: VW | C19: 2015 | D19: 45 | E19: 8 | F19: 21 | G19: 10 | H19: 351
A20: B26 | B20: VW | C20: 2015 | D20: 45 | E20: 9 | F20: 18 | G20: 8 | H20: 232
A21: B26 | B21: VW | C21: 2015 | D21: 45 | E21: 10 | F21: 2 | G21: 24 | H21: 230

Sheet Seedlings Template
A1: SITECODE | B1: MCODE | C1: YEAR | D1: PLOT_ID | E1: SPECIES_NO | F1: DESC_LATIN | G1: CELL_1 | H1: CELL_2 | I1: CELL_3 | J1: CELL_4 | K1: CELL_5 | L1: CELL_6 | M1: CELL_7 | N1: CELL_8 | O1: CELL_9 | P1: CELL_10 | Q1: DATA_ENTRY_COMMENTS | R1: DATA_ISSUE1 | S1: DATA_ISSUE2 | T1: DATA_ISSUE3 | U1: QA_CODE1 | V1: QA_CODE2 | W1: QA_CODE3 | X1: FINAL_QA
A2: B26 | B2: VW | C2: 2015 | D2: 19 | E2: 2634 | F2: Sorbus aucuparia (g) | G2: 1 | H2: 2 | I2: 0 | J2: 0 | K2: 0 | L2: 0 | M2: 2 | N2: 0 | O2: 0 | P2: 0

Sheet Tree Measurement
A1: SITECODE | B1: MCODE | C1: YEAR | D1: PLOT_ID | E1: CELL_ID | F1: TREE_ID | G1: STEM_ID | H1: SPECIES_NO | I1: DESC_LATIN | J1: GIRTH | K1: DIAMETER | L1: HEIGHT | M1: NUM_STEMS | N1: DISTANCE | O1: SURVEYOR_HEIGHT | P1: ANGLE | Q1: DATA_ENTRY_COMMENTS | R1: DATA_ISSUE1 | S1: DATA_ISSUE2 | T1: DATA_ISSUE3 | U1: QA_CODE1 | V1: QA_CODE2 | W1: QA_CODE3 | X1: FINAL_QA
A2: B26 | B2: VW | C2: 2015 | D2: 19 | E2: 1 | F2: 1 | H2: #N/A | I2: Betula pubscens hybrid | J2: 54 | K2: 17.188734 | L2: 26.858971 | M2: 1 | N2: 10.76 | O2: 1.51 | P2: 67 | Q2: Year "2015" not recorded, added later. Tree ID not recorded, so copied from stem ID later.
A3: B26 | B3: VW | C3: 2015 | D3: 19 | E3: 2 | F3: 2 | H3: #N/A | I3: Betula pubscens hybrid | J3: 38 | K3: 12.095776 | L3: 49.354352 | M3: 1 | N3: 9.3 | O3: 1.51 | P3: 79 | Q3: Year "2015" not recorded, added later. Tree ID not recorded, so copied from stem ID later.
A4: B26 | B4: VW | C4: 2015 | D4: 19 | E4: 3 | F4: 3 | H4: #N/A | I4: Betula pubscens hybrid | J4: 83 | K4: 26.419721 | L4: 23.523003 | M4: 1 | N4: 8.45 | O4: 1.51 | P4: 69 | Q4: Year "2015" not recorded, added later. Tree ID not recorded, so copied from stem ID later.
A5: B26 | B5: VW | C5: 2015 | D5: 19 | E5: 4 | F5: 4 | H5: 237 | I5: Betula pendula (c) | J5: 43 | K5: 13.687325 | L5: 23.902305 | M5: 1 | N5: 6 | O5: 1.51 | P5: 75 | Q5: Year "2015" not recorded, added later. Tree ID not recorded, so copied from stem ID later.
A6: B26 | B6: VW | C6: 2015 | D6: 19 | E6: 5 | F6: 5 | H6: #N/A | I6: Betula pendula hybrid | J6: 40 | K6: 12.732395 | L6: 16.844233 | M6: 1 | N6: 5.28 | O6: 1.51 | P6: 71 | Q6: Year "2015" not recorded, added later. Tree ID not recorded, so copied from stem ID later.
A7: B26 | B7: VW | C7: 2015 | D7: 19 | E7: 6 | F7: 6 | H7: #N/A | I7: Betula pendula hybrid | J7: 24 | K7: 7.6394373 | L7: 10.164253 | M7: 1 | N7: 5.2 | O7: 1.51 | P7: 59 | Q7: Year "2015" not recorded, added later. Tree ID not recorded, so copied from stem ID later.
A8: B26 | B8: VW | C8: 2015 | D8: 19 | E8: 7 | F8: 7 | H8: 1275 | I8: Sorbus aucuparia (c) | J8: 68 | K8: 21.645072 | L8: 10.003087 | M8: 1 | N8: 6.4 | O8: 1.51 | P8: 53 | Q8: Year "2015" not recorded, added later. Tree ID not recorded, so copied from stem ID later.
A9: B26 | B9: VW | C9: 2015 | D9: 19 | E9: 8 | F9: 8 | H9: #N/A | I9: Betula pubscens hybrid | J9: 33 | K9: 10.504226 | L9: 12.304358 | M9: 1 | N9: 5.5 | O9: 1.51 | P9: 63 | Q9: Year "2015" not recorded, added later. Tree ID not recorded, so copied from stem ID later.
A10: B26 | B10: VW | C10: 2015 | D10: 19 | E10: 9 | F10: 9 | H10: #N/A | I10: Betula pubscens hybrid | J10: 58 | K10: 18.461973 | L10: 21.08263 | M10: 1 | N10: 3.1 | O10: 1.51 | P10: 81 | Q10: Year "2015" not recorded, added later. Tree ID not recorded, so copied from stem ID later.
A11: B26 | B11: VW | C11: 2015 | D11: 19 | E11: 10 | F11: 10 | H11: #N/A | I11: Betula pubscens hybrid | J11: 54 | K11: 17.188734 | L11: 7.340252 | M11: 1 | N11: 3.1 | O11: 1.51 | P11: 62 | Q11: Year "2015" not recorded, added later. Tree ID not recorded, so copied from stem ID later.
A12: B26 | B12: VW | C12: 2015 | D12: 45 | E12: 1 | F12: 1 | H12: 237 | I12: Betula pendula (c) | J12: 21 | K12: 6.6845076 | L12: 10.646581 | M12: 1 | N12: 8.52 | O12: 1.51 | P12: 47 | Q12: Year "2015" not recorded, added later. Tree ID not recorded, so copied from stem ID later.
A13: B26 | B13: VW | C13: 2015 | D13: 45 | E13: 2 | F13: 2 | H13: #N/A | I13: Betula sp. | K13: 0 | L13: 1.51 | M13: 1 | O13: 1.51 | Q13: Tree dead. Girth, diameter, distance and angle not recorded. Year "2015" not recorded, added later. Tree ID not recorded, so copied from stem ID later. | R13: 237 | U13: QA607 | V13: QA610 | X13: QA607
A14: B26 | B14: VW | C14: 2015 | D14: 45 | E14: 3 | F14: 3 | H14: 236 | I14: Betula pubescens (c) | J14: 14 | K14: 4.4563384 | L14: 9.4947491 | M14: 1 | N14: 6.7 | O14: 1.51 | P14: 50 | Q14: Year "2015" not recorded, added later. Tree ID not recorded, so copied from stem ID later.
A15: B26 | B15: VW | C15: 2015 | D15: 45 | E15: 4 | F15: 4 | H15: 237 | I15: Betula pendula (c) | J15: 38 | K15: 12.095776 | L15: 16.005702 | M15: 5 | N15: 10.15 | O15: 1.51 | P15: 55 | Q15: Year "2015" not recorded, added later. Tree ID not recorded, so copied from stem ID later.
A16: B26 | B16: VW | C16: 2015 | D16: 45 | E16: 5 | F16: 5 | H16: 237 | I16: Betula pendula (c) | J16: 18 | K16: 5.729578 | L16: 9.0315723 | M16: 1 | N16: 4.7 | O16: 1.51 | P16: 58 | Q16: Year "2015" not recorded, added later. Tree ID not recorded, so copied from stem ID later.
A17: B26 | B17: VW | C17: 2015 | D17: 45 | E17: 6 | F17: 6 | H17: 237 | I17: Betula pendula (c) | J17: 34 | K17: 10.822536 | L17: 10.537487 | M17: 1 | N17: 4.8 | O17: 1.51 | P17: 62 | Q17: Year "2015" not recorded, added later. Tree ID not recorded, so copied from stem ID later.
A18: B26 | B18: VW | C18: 2015 | D18: 45 | E18: 7 | F18: 7 | H18: #N/A | I18: dead | K18: 0 | L18: 1.51 | M18: 1 | O18: 1.51 | Q18: Tree dead. Girth, diameter, distance and angle not recorded. Year "2015" not recorded, added later. Tree ID not recorded, so copied from stem ID later. | R18: 237 | U18: QA766 | V18: QA610 | X18: QA766
A19: B26 | B19: VW | C19: 2015 | D19: 45 | E19: 8 | F19: 8 | H19: 971 | I19: Pinus sylvestris (c) | J19: 46 | K19: 14.642255 | L19: 7.3407157 | M19: 1 | N19: 5.25 | O19: 1.51 | P19: 48 | Q19: Year "2015" not recorded, added later. Tree ID not recorded, so copied from stem ID later.
A20: B26 | B20: VW | C20: 2015 | D20: 45 | E20: 9 | F20: 9 | H20: 237 | I20: Betula pendula (c) | J20: 43 | K20: 13.687325 | L20: 14.377042 | M20: 1 | N20: 6 | O20: 1.51 | P20: 65 | Q20: Year "2015" not recorded, added later. Tree ID not recorded, so copied from stem ID later.
A21: B26 | B21: VW | C21: 2015 | D21: 45 | E21: 10 | F21: 10 | H21: 237 | I21: Betula pendula (c) | J21: 21 | K21: 6.6845076 | L21: 5.3508029 | M21: 1 | N21: 2.4 | O21: 1.51 | P21: 58 | Q21: Year "2015" not recorded, added later. Tree ID not recorded, so copied from stem ID later.
J22: =IF(K22="","", K22/PI()) | L22: =IF(OR(P22="", N22="", O22=""), "", TAN(P22*PI()/180)*N22 +O22)
J23: =IF(K23="","", K23/PI()) | L23: =IF(OR(P23="", N23="", O23=""), "", TAN(P23*PI()/180)*N23 +O23)
J24: =IF(K24="","", K24/PI()) | L24: =IF(OR(P24="", N24="", O24=""), "", TAN(P24*PI()/180)*N24 +O24)
J25: =IF(K25="","", K25/PI()) | L25: =IF(OR(P25="", N25="", O25=""), "", TAN(P25*PI()/180)*N25 +O25)
J26: =IF(K26="","", K26/PI()) | L26: =IF(OR(P26="", N26="", O26=""), "", TAN(P26*PI()/180)*N26 +O26)
J27: =IF(K27="","", K27/PI()) | L27: =IF(OR(P27="", N27="", O27=""), "", TAN(P27*PI()/180)*N27 +O27)
J28: =IF(K28="","", K28/PI()) | L28: =IF(OR(P28="", N28="", O28=""), "", TAN(P28*PI()/180)*N28 +O28)
J29: =IF(K29="","", K29/PI()) | L29: =IF(OR(P29="", N29="", O29=""), "", TAN(P29*PI()/180)*N29 +O29)
J30: =IF(K30="","", K30/PI()) | L30: =IF(OR(P30="", N30="", O30=""), "", TAN(P30*PI()/180)*N30 +O30)
J31: =IF(K31="","", K31/PI()) | L31: =IF(OR(P31="", N31="", O31=""), "", TAN(P31*PI()/180)*N31 +O31)
J32: =IF(K32="","", K32/PI()) | L32: =IF(OR(P32="", N32="", O32=""), "", TAN(P32*PI()/180)*N32 +O32)
J33: =IF(K33="","", K33/PI()) | L33: =IF(OR(P33="", N33="", O33=""), "", TAN(P33*PI()/180)*N33 +O33)
... J2000: =IF(K2000="","", K2000/PI()) | L2000: =IF(OR(P2000="", N2000="", O2000=""), "", TAN(P2000*PI()/180)*N2000 +O2000)

Sheet Dominance Template
A1: SITECODE | B1: MCODE | C1: YEAR | D1: PLOT_ID | E1: SPECIES_NO | F1: DESC_LATIN | G1: DOM_CODE | H1: DATA _ENTRY_COMMENTS | I1: DATA_ISSUE1 | J1: DATA_ISSUE2 | K1: DATA_ISSUE3 | L1: QA_CODE1 | M1: QA_CODE2 | N1: QA_CODE3 | O1: FINAL_QA
A2: B26 | B2: VW | C2: 2015 | D2: 19 | E2: 237 | F2: Betula pendula (c) | G2: Tree | H2: "Tree" not recognised DOM_CODE. | I2: DI900
A3: B26 | B3: VW | C3: 2015 | D3: 19 | E3: 237 | F3: Betula pendula (c) | G3: D
A4: B26 | B4: VW | C4: 2015 | D4: 19 | E4: 237 | F4: Betula pendula (c) | G4: S
A5: B26 | B5: VW | C5: 2015 | D5: 19 | E5: 237 | F5: Betula pendula (c) | G5: U
A6: B26 | B6: VW | C6: 2015 | D6: 19 | E6: 1078 | F6: Quercus robur (c) | G6: Tree | H6: "Tree" not recognised DOM_CODE. | I6: DI900
A7: B26 | B7: VW | C7: 2015 | D7: 19 | E7: 2627 | F7: Quercus robur (s) | G7: A
A8: B26 | B8: VW | C8: 2015 | D8: 19 | E8: 2628 | F8: Quercus robur (g) | G8: E
A9: B26 | B9: VW | C9: 2015 | D9: 19 | E9: 1078 | F9: Quercus robur (c) | G9: S
A10: B26 | B10: VW | C10: 2015 | D10: 19 | E10: 1275 | F10: Sorbus aucuparia (c) | G10: Tree | H10: "Tree" not recognised DOM_CODE. | I10: DI900
A11: B26 | B11: VW | C11: 2015 | D11: 19 | E11: 1275 | F11: Sorbus aucuparia (c) | G11: S
A12: B26 | B12: VW | C12: 2015 | D12: 19 | E12: 2634 | F12: Sorbus aucuparia (g) | G12: E
A13: B26 | B13: VW | C13: 2015 | D13: 19 | E13: 4392 | F13: Prunus | G13: E | H13: Idenitified to genus only. | I13: DI900 | L13: QA607 | O13: QA607
A14: B26 | B14: VW | C14: 2015 | D14: 19 | E14: 2616 | F14: Ilex aquifolium (g) | G14: E
A15: B26 | B15: VW | C15: 2015 | D15: 19 | E15: 2613 | F15: Fagus sylvatica (g) | G15: E
A16: B26 | B16: VW | C16: 2015 | D16: 45 | E16: 237 | F16: Betula pendula (c) | H16: DOM_CODE not recorded. | I16: DI900
A17: B26 | B17: VW | C17: 2015 | D17: 45 | E17: 237 | F17: Betula pendula (c) | G17: A
A18: B26 | B18: VW | C18: 2015 | D18: 45 | E18: 237 | F18: Betula pendula (c) | G18: C
A19: B26 | B19: VW | C19: 2015 | D19: 45 | E19: 237 | F19: Betula pendula (c) | G19: S
A20: B26 | B20: VW | C20: 2015 | D20: 45 | E20: 237 | F20: Betula pendula (c) | G20: I
A21: B26 | B21: VW | C21: 2015 | D21: 45 | E21: 237 | F21: Betula pendula (c) | G21: U
A22: B26 | B22: VW | C22: 2015 | D22: 45 | E22: 1363 | F22: Ulex europaeus (s) | G22: H
A23: B26 | B23: VW | C23: 2015 | D23: 45 | E23: 1363 | F23: Ulex europaeus (s) | G23: U
A24: B26 | B24: VW | C24: 2015 | D24: 45 | E24: 971 | F24: Pinus sylvestris (c) | H24: DOM_CODE not recorded. | I24: DI900
A25: B26 | B25: VW | C25: 2015 | D25: 45 | E25: 971 | F25: Pinus sylvestris (c) | G25: S
A26: B26 | B26: VW | C26: 2015 | D26: 45 | E26: 236 | F26: Betula pubescens (c) | G26: A
A27: B26 | B27: VW | C27: 2015 | D27: 45 | E27: 1275 | F27: Sorbus aucuparia (c) | G27: E
A28: B26 | B28: VW | C28: 2015 | D28: 45 | E28: 1275 | F28: Sorbus aucuparia (c) | G28: U
A29: B26 | B29: VW | C29: 2015 | D29: 45 | E29: 2740 | F29: Ilex aquifolium (c) | G29: E

Sheet Species List
A1: Bryophytes | B1: Ferns & Horsetails | C1: Grasses, Sedges & Rushes | D1: Herbs | E1: Lichens | F1: Trees & shrubs | G1: Algae | H1: Fungi
A2: Brachythecium rutabulum | B2: Dryopteris dilatata | C2: Agrostis capillaris | D2: Cerastium fontanum | E2: Cladonia cervicornis | F2: Betula pendula (c, g & s) | G2: Filamentous algae | H2: Scutula epicladonia
A3: Campylopus flexuosus | B3: Pteridium aquilinum | C3: Agrostis stolonifera | D3: Cirsium dissectum | E3: Cladonia crispata | F3: Betula pendula hybrid
A4: Campylopus introflexus | C4: Agrostis vinealis | D4: Cuscuta epithymum | E4: Cladonia diversa | F4: Betula pubescens (c & g)
A5: Cephalozia connivens | C5: Carex echinata | D5: Drosera intermedia | E5: Cladonia fimbriata | F5: Betula pubscens hybrid
A6: Dicranum scoparium | C6: Carex panicea | D6: Drosera rotundifolia | E6: Cladonia floerkeana | F6: Calluna vulgaris
A7: Hypnum cupressiforme | C7: Carex pilulifera | D7: Erica tetralix | E7: Cladonia furcata | F7: Corylus avellana (g)
A8: Hypnum jutlandicum | C8: Carex viridula subsp. oedocarpa | D8: Galium saxatile | E8: Cladonia glauca | F8: Erica cinerea
A9: Kindbergia praelonga | C9: Deschampsia flexuosa | D9: Hypochaeris radicata | E9: Cladonia grayi | F9: Fagus sylvatica (g)
A10: Lycopodiella inundata | C10: Eriophorum angustifolium | D10: Narthecium ossifragum | E10: Cladonia ochrochlora | F10: Ilex aquifolium (c & g)
A11: Pleurochaete squarrosa | C11: Festuca ovina | D11: Potentilla erecta | E11: Cladonia polydactyla | F11: Lonicera periclymenum (g)
A12: Pleurozium schreberi | C12: Holcus lanatus | D12: Rumex acetosella | E12: Cladonia portentosa | F12: Pinus seedling
A13: Polytrichum commune | C13: Juncus articulatus | E13: Cladonia ramulosa | F13: Pinus sylvestris (c & g)
A14: Polytrichum juniperinum | C14: Juncus bulbosus | E14: Cladonia rei | F14: Prunus
A15: Polytrichum piliferum | C15: Juncus conglomeratus | E15: Cladonia squamosa | F15: Quercus petraea (g)
A16: Polytrichum strictum | C16: Juncus effusus | E16: Cladonia strepsilis | F16: Quercus robur (c, g & s)
A17: Pseudoscleropodium purum | C17: Juncus squarrosus | E17: Cladonia subulata | F17: Quercus seedling
A18: Sphagnum capillifolium | C18: Luzula campestris | E18: Evernia prunastri | F18: Salix cinerea (g)
A19: Sphagnum compactum | C19: Molinia caerulea | E19: Hypogymnia physodes | F19: Sorbus aucuparia (c & g)
A20: Sphagnum cuspidatum | C20: Rhynchospora alba | E20: Hypotrachyna revoluta | F20: Ulex europaeus (g & s)
A21: Sphagnum denticulatum | C21: Trichophorum germanicum | E21: Lecanora symmicta | F21: Ulex minor
A22: Sphagnum denticulatum s.l. | E22: Melanelia subaurifera
A23: Sphagnum palustre | E23: Usnea sp.
A24: Sphagnum papillosum
A25: Sphagnum subnitens
A26: Sphagnum tenellum

Sheet All_LTMN_Lookups
A1: LANDUSE_CODE | B1: LANDUSE_TYPE | D1: DOM_CODE | E1: DOM_DESC | G1: SLOPEFORM_CODE | H1: SLOPEFORM | J1: DESC_LATIN | K1: VEG_SPEC | M1: SITECODE | N1: SITEABBR | O1: SITE | Q1: BAP_BROAD | S1: BAP_PRIORITY | U1: DATA_ISSUE | V1: DESCRIPTION | W1: CODE_TYPE | Y1: QA_CODE | Z1: DESCRIPTION | AA1: CODE_TYPE | AC1: CODE | AD1: DESCRIPTION | AE1: CODE TYPE | AG1: FEATURE
A2: 1 | B2: Ley grassland | D2: C | E2: canopy dominant | G2: 1 | H2: Convex | J2: - enter further species here | K2: 9999 | M2: B01 | N2: AIN | O2: Ainsdale | Q2: Acid Grassland | S2: Aquifer Fed Naturally Fluctuating Water Bodies | U2: 999 | V2: Free-text information is associated with this data record | W2: All Data | Y2: 999 | Z2: Free-text information is associated with this data record | AA2: All Data | AC2: 999 | AD2: Free-text information is associated with this data record | AE2: All Data | AG2: Litter
A3: 2 | B3: Permanent or long-term grassland | D3: S | E3: subdominant | G3: 2 | H3: Straight (rectilinear) | J3: Abies alba | K3: 3365 | M3: B02 | N3: BMA | O3: Bure Marshes | Q3: Arable and Horticultural | S3: Arable Field Margins | U3: DI800 | V3: Abundance: % cover missing | W3: Data Issue - Vegetation data | Y3: QA600 | Z3: Abundance: % cover modified / inferred | AA3: Quality Assurance - Vegetation data | AC3: 100 | AD3: No information available - data lost. | AE3: All Survey Data | AG3: Bare Rock
A4: 3 | B4: Rough grazing | D4: I | E4: intermediate | G4: 3 | H4: Concave | J4: Abies grandis | K4: 3366 | M4: B03 | N4: BBE | O4: Burnham Beeches | Q4: Bogs | S4: Blanket Bog | U4: DI801 | V4: Abundance: cell data missing | W4: Data Issue - Vegetation data | Y4: QA601 | Z4: Abundance: cell data modified / inferred | AA4: Quality Assurance - Vegetation data | AC4: 101 | AD4: No sample/reading taken - equipment out of action/unable to visit equipment | AE4: All Survey Data | AG4: Bare Soil
A5: 4 | B5: Cereals | D5: U | E5: suppressed | J5: Abietinella abietina | K5: 1998 | M5: B04 | N5: COE | O5: Coedydd Aber | Q5: Boundary and Linear Features | S5: Blue Mussel Beds on Sediment | U5: DI802 | V5: Abundance: % cover and cell data missing | W5: Data Issue - Vegetation data | Y5: QA602 | Z5: Abundance: % cover and cell presence modified / inferred | AA5: Quality Assurance - Vegetation data | AC5: 102 | AD5: Sample lost or inadvertently discarded | AE5: All Survey Data | AG5: Deadwood
A6: 5 | B6: Green crops | D6: H | E6: shrub layer | J6: Acer campestre (c) | K6: 102 | M6: B05 | N6: CAR | O6: Cors Caron | Q6: Broadleaved, Mixed and Yew Woodland | S6: Calaminarian Grasslands | U6: DI803 | V6: Abundance: unclear/uncertain tick, cross or % cover | W6: Data Issue - Vegetation data | Y6: QA603 | Z6: Abundance: uncertain match with taxon | AA6: Quality Assurance - Vegetation data | AC6: 103 | AD6: Partial loss of sample | AE6: All Survey Data | AG6: Open water
A7: 6 | B7: Root crops | D7: A | E7: sapling | J7: Acer campestre (g) | K7: 2599 | M7: B06 | N7: ERD | O7: Cors Erddreiniog | Q7: Calcareous Grassland | S7: Carbonate Mounds | U7: DI804 | V7: Abundance: two or more records share cell/% cover data | W7: Data Issue - Vegetation data | Y7: QA604 | Z7: Taxon: confirmed post survey by surveyor | AA7: Quality Assurance - Vegetation data | AC7: 200 | AD7: Adverse weather conditions affected sampling/recording | AE7: All Survey Data | AG7: Vegetation height
A8: 7 | B8: Horticultural crops | D8: E | E8: seedling | J8: Acer campestre (s) | K8: 2598 | M8: B07 | N8: FOC | O8: Cors Fochno | Q8: Coniferous Woodland | S8: Coastal and Floodplain Grazing Marsh | U8: DI805 | V8: Abundance: Cell data / %cover does not comply with survey methodology | W8: Data Issue - Vegetation data | Y8: QA605 | Z8: Taxon: confirmed post survey by sample | AA8: Quality Assurance - Vegetation data | AC8: 201 | AD8: Biting insects affected sampling/recording | AE8: All Survey Data
A9: 8 | B9: Fallow | J9: Acer platanoides (c) | K9: 2753 | M9: B08 | N9: CWM | O9: Cwm Cadlan | Q9: Dwarf Shrub Heath | S9: Coastal Saltmarsh | U9: DI806 | V9: Taxon: name unreadable/incorrect | W9: Data Issue - Vegetation data | Y9: QA606 | Z9: Taxon: confirmed post survey by checking protocol | AA9: Quality Assurance - Vegetation data | AC9: 202 | AD9: Failing light affected sampling/recording | AE9: All Survey Data
A10: 9 | B10: Other crops | J10: Acer platanoides (g) | K10: 2653 | M10: B09 | N10: DER | O10: Derbyshire Dales | Q10: Fen, Marsh and Swamp | S10: Coastal Sand Dunes | U10: DI807 | V10: Taxon: '?' after species' name | W10: Data Issue - Vegetation data | Y10: QA607 | Z10: Taxon confirmed to genus only | AA10: Quality Assurance - Vegetation data | AC10: 230 | AD10: Anthill present | AE10: All Survey Data
A11: 10 | B11: Orchard | J11: Acer pseudoplatanus (c) | K11: 103 | M11: B10 | N11: FEN | O11: Fenn's, Whixall and Bettisfield Mosses | Q11: Improved Grassland | S11: Coastal Vegetated Shingle | U11: DI808 | V11: Taxon: labelled as 'sample' but no sample returned/supplied | W11: Data Issue - Vegetation data | Y11: QA608 | Z11: Taxon: added post-survey from sample return | AA11: Quality Assurance - Vegetation data | AC11: 231 | AD11: Rabbit scrape present | AE11: All Survey Data
A12: 11 | B12: Deciduous woodland | J12: Acer pseudoplatanus (g) | K12: 2601 | M12: B11 | N12: FIN | O12: Finglandrigg Woods | Q12: Inland Rock | S12: Cold-Water Coral Reefs | U12: DI809 | V12: Taxon/Abundance: species recorded more than once on field form | W12: Data Issue - Vegetation data | Y12: QA610 | Z12: Taxon presence recorded as 'dead' | AA12: Quality Assurance - Vegetation data | AC12: 235 | AD12: Mole-hill present | AE12: All Survey Data
A13: 12 | B13: Coniferous woodland | J13: Acer pseudoplatanus (s) | K13: 2600 | M13: B12 | N13: ING | O13: Ingleborough | Q13: Montane Habitats | S13: Deep-Sea Sponge Communities | U13: DI810 | V13: Sample returned: more than one sample in bag | W13: Data Issue - Vegetation data | Y13: QA766 | Z13: Taxon unconfirmed/unknown: unreliable for analysis | AA13: Quality Assurance - Vegetation data | AC13: 236 | AD13: Approximate or estimated count | AE13: All Survey Data
A14: 13 | B14: Scrub | J14: Acer seedling | K14: 2781 | M14: B13 | N14: LIN | O14: Lindisfarne | Q14: Neutral Grassland | S14: Esuarine Rocky Habitats | U14: DI813 | V14: Tree species: stage recorded on field form as seedling | W14: Data Issue - Vegetation data | Y14: QA777 | Z14: Abundance: data unreliable for analysis | AA14: Quality Assurance - Vegetation data | AC14: 237 | AD14: Tree dead | AE14: All Survey Data
A15: 14 | B15: Lowland heath | J15: Achillea millefolium | K15: 104 | M15: B14 | N15: LUL | O15: Lullington Heath | Q15: Rivers and Streams | S15: Eutrophic Standing Waters | U15: DI814 | V15: Tree species: stage not recorded on field form, assumed in ground layer | W15: Data Issue - Vegetation data | Y15: QA788 | Z15: Other: data line unreliable for analysis | AA15: Quality Assurance - Vegetation data | AC15: 238 | AD15: Stem dead | AE15: All Survey Data
A16: 15 | B16: Heather moor | J16: Achillea ptarmica | K16: 105 | M16: B15 | N16: MAR | O16: Martin Down | Q16: Standing Open Waters and Canals | S16: File Shell Beds | U16: DI815 | V16: Taxon: not specified if seedling | W16: Data Issue - Vegetation data | Y16: QA900 | Z16: Last day of survey only recorded | AA16: Quality Assurance - Vegetation data | AC16: 239 | AD16: Taxon identified with high confidence | AE16: All Survey Data
A17: 16 | B17: Semi-natural grassland | J17: Aconitum napellus | K17: 2650 | M17: B16 | N17: MON | O17: Monks Wood | Q17: Supralittoral Rock | S17: Fragile Sponge and Anthozoan Communities on Subtidal Rocky Habitats | U17: DI900 | V17: Plot data: some data not recorded/missing | W17: Data Issue - Vegetation data | Y17: QA901 | Z17: Plot data: modified / inferred | AA17: Quality Assurance - Vegetation data | AC17: 240 | AD17: Taxon identified with medium confidence | AE17: All Survey Data
A18: 17 | B18: Saltmarsh | J18: Acorus calamus | K18: 107 | M18: B17 | N18: NBR | O18: Newborough | Q18: Supralittoral Sediment | S18: Hedgerows | U18: DI990 | V18: Plot data: other issue | W18: Data Issue - Vegetation data | Y18: QA902 | Z18: Plot data: slope form modified / inferred | AA18: Quality Assurance - Vegetation data | AC18: 241 | AD18: Taxon identified with low confidence | AE18: All Survey Data
A19: 18 | B19: Fen, moor or bog | J19: Adoxa moschatellina | K19: 109 | M19: B18 | N19: NSO | O19: North Solent | Q19: Littoral Rock | S19: Horse Mussel Beds | U19: DI910 | V19: Data issue: vegetation height does not comply with survey methodology | W19: Data Issue - Vegetation data | Y19: QA903 | Z19: Plot data: slope form does not comply with survey methodology | AA19: Quality Assurance - Vegetation data | AC19: 136 | AD19: Cell not surveyed due to obstruction | AE19: Vegetation Survey Data - Cell feature
A20: 19 | B20: Montane vegetation | J20: Aegopodium podagraria | K20: 110 | M20: B19 | N20: OGO | O20: Ogof Ffynnon Ddu | Q20: Littoral Sediment | S20: Inland Rock Outcrop and Scree Habitats | U20: DI911 | V20: Data issue: vegetation height not clear | W20: Data Issue - Vegetation data | Y20: QA999 | Z20: Uncommon species for site/likely errors: needs checking | AA20: Checked data - Vegetation data | AC20: 145 | AD20: Woodland Management: Coppicing | AE20: Vegetation Survey Data - Disturbance (Woodland)
A21: 20 | B21: Public park | J21: Aesculus hippocastanum (c) | K21: 111 | M21: B20 | N21: OWH | O21: Old Winchester Hill | Q21: Sublittoral Rock | S21: Intertidal Chalk | U21: DI912 | V21: Data issue: tree measurements appear incorrect | W21: Data Issue - Vegetation data | AC21: 146 | AD21: Woodland Management: Thinning | AE21: Vegetation Survey Data - Disturbance (Woodland)
A22: 21 | B22: Golf course | J22: Aethusa cynapium | K22: 112 | M22: B21 | N22: OXW | O22: Oxwich | Q22: Sublittoral Sediment | S22: Intertidal Mudflats | U22: 100 | V22: No information available - data lost. | W22: All Survey Data | AC22: 147 | AD22: Woodland Management: Clear Felling | AE22: Vegetation Survey Data - Disturbance (Woodland)
A23: 22 | B23: Other | J23: Agrimonia eupatoria | K23: 113 | M23: B22 | N23: RHO | O23: Rhos Llawr Cwrt | S23: Intertidal Underboulder Communities | U23: 101 | V23: No sample/reading taken - equipment out of action/unable to visit equipment | W23: All Survey Data | AC23: 148 | AD23: Woodland Management: Brashing | AE23: Vegetation Survey Data - Disturbance (Woodland)
J24: Agrimonia procera | K24: 114 | M24: B23 | N24: SKO | O24: Skomer | S24: Limestone Pavements | U24: 102 | V24: Sample lost or inadvertently discarded | W24: All Survey Data | AC24: 149 | AD24: Wind-throw | AE24: Vegetation Survey Data - Disturbance (Woodland)
J25: Agrostemma githago | K25: 119 | M25: B24 | N25: STA | O25: Stackpole | S25: Lowland Beech and Yew Woodland | U25: 103 | V25: Partial loss of sample | W25: All Survey Data | AC25: 130 | AD25: Plot/transect section not surveyed | AE25: Vegetation Survey Data - General
J26: Agrostis | K26: 2767 | M26: B25 | N26: STP | O26: Stiperstones | S26: Lowland Calcareous Grassland | U26: 200 | V26: Adverse weather conditions affected sampling/recording | W26: All Survey Data | AC26: 132 | AD26: Plot not accurately relocated | AE26: Vegetation Survey Data - General
J27: Agrostis canina | K27: 120 | M27: B26 | N27: THU | O27: Thursley | S27: Lowland Dry Acid Grassland | U27: 201 | V27: Biting insects affected sampling/recording | W27: All Survey Data | AC27: 550 | AD27: Quadrat feature - fallen dead wood | AE27: Vegetation Survey Data - General
J28: Agrostis capillaris | K28: 123 | M28: B27 | N28: TYC | O28: Ty Canol | S28: Lowland Fens | U28: 202 | V28: Failing light affected sampling/recording | W28: All Survey Data | AC28: 551 | AD28: Quadrat feature - other | AE28: Vegetation Survey Data - General
J29: Agrostis curtisii | K29: 3079 | M29: B28 | N29: YBE | O29: Y Berwyn | S29: Lowland Heathland | U29: 230 | V29: Anthill present | W29: All Survey Data | AC29: 131 | AD29: Trampling during sampling period | AE29: Vegetation Survey Data - Grazing evidence
J30: Agrostis gigantea | K30: 121 | M30: B29 | N30: YAR | O30: East Dartmoor Woods & Heaths | S30: Lowland Meadows | U30: 231 | V30: Rabbit scrape present | W30: All Survey Data | AC30: 141 | AD30: Grazing by sheep | AE30: Vegetation Survey Data - Grazing evidence
J31: Agrostis stolonifera | K31: 122 | M31: B30 | N31: CHI | O31: Chippenham Fen | S31: Lowland Mixed Deciduous Woodland | U31: 235 | V31: Mole-hill present | W31: All Survey Data | AC31: 142 | AD31: Grazing by cattle | AE31: Vegetation Survey Data - Grazing evidence
J32: Agrostis vinealis | K32: 2701 | M32: B31 | N32: CHB | O32: Chobham Common | S32: Lowland Raised Bog | U32: 236 | V32: Approximate or estimated count | W32: All Survey Data | AC32: 142 | AD32: Grazing/browsing by deer | AE32: Vegetation Survey Data - Grazing evidence
J33: Aira caryophyllea | K33: 124 | M33: B32 | N33: DRS | O33: Dersingham Bog | S33: Machair | U33: 237 | V33: Tree dead | W33: All Survey Data | AC33: 144 | AD33: Grazing - other | AE33: Vegetation Survey Data - Grazing evidence
J34: Aira praecox | K34: 125 | M34: B33 | N34: DOW | O34: Downton Gorge | S34: Maerl Beds | U34: 238 | V34: Stem dead | W34: All Survey Data | AC34: 114 | AD34: Bonfire in vicinity during sampling period | AE34: Vegetation Survey Data - Human disturbance
J35: Ajuga reptans | K35: 127 | M35: B34 | N35: EPP | O35: Epping Forest | S35: Maritime Cliff and Slopes | U35: 239 | V35: Taxon identified with high confidence | W35: All Survey Data | AC35: 115 | AD35: Heather burning in vicinity during sampling period | AE35: Vegetation Survey Data - Human disturbance
... J37: Alchemilla filicaulis | K37: 131 | M37: B36 | N37: DRW | O37: Lower Derwent Valley | S37: Mountain Heaths and Willow Scrub | U37: 241 | V37: Taxon identified with low confidence | W37: All Survey Data | AC37: 117 | AD37: Straw burning in vicinity during sampling period | AE37: Vegetation Survey Data - Human disturbance
J38: Alchemilla filicaulis subsp. vestita | K38: 2705 | M38: B37 | N38: LUD | O38: Ludham-Potter Heigham | S38: Mud Habitats in Deep Water | AC38: 118 | AD38: Crop spraying in vicinity during sampling period | AE38: Vegetation Survey Data - Human disturbance
J39: Alchemilla glabra | K39: 132 | M39: B38 | N39: MAL | O39: Malham Tarn | S39: Native Pine Woodlands | AC39: 119 | AD39: Construction work in vicinity during sampling period | AE39: Vegetation Survey Data - Human disturbance
J40: Alchemilla minima | K40: 135 | M40: B39 | N40: SAL | O40: Saltfleetby-Theddlethorpe Dunes | S40: Oligotrophic and Dystrophic Lakes | AC40: 120 | AD40: Liming in vicinity during sampling period | AE40: Vegetation Survey Data - Human disturbance
J41: Alchemilla mollis | K41: 136 | M41: B40 | N41: LIZ | O41: The Lizard | S41: Open Mosaic Habitats on Previously Developed Land | AC41: 121 | AD41: Change of land use in vicinity | AE41: Vegetation Survey Data - Human disturbance
J42: Alchemilla tytthantha | K42: 139 | M42: B41 | N42: DPK | O42: Dark Peak | S42: Peat and Clay Exposures with Piddocks | AC42: 138 | AD42: Mowing of survey area | AE42: Vegetation Survey Data - Human disturbance
J43: Alchemilla xanthochlora | K43: 141 | M43: B42 | N43: WAL | O43: North Walney | S43: Ponds | AC43: 139 | AD43: Muck/slurry/slag application | AE43: Vegetation Survey Data - Human disturbance
J44: Alectoria | K44: 2786 | M44: B43 | N44: MOT | O44: Mottey Meadows | S44: Purple Moor Grass and Rush Pastures | AC44: 140 | AD44: Application of chemicals (details should be supplied) | AE44: Vegetation Survey Data - Human disturbance
J45: Alectoria nigricans | K45: 2320 | M45: B44 | N45: WYR | O45: Wyre Forest | S45: Reedbeds | AC45: 154 | AD45: Rolling of survey area | AE45: Vegetation Survey Data - Human disturbance
J46: Algae(group not known) mat | K46: 3263 | M46: B45 | N46: WDW | O46: Woodwalton Fen | S46: Rivers | AC46: 133 | AD46: Evidence of disease in plot/transect section | AE46: Vegetation Survey Data - Other disturbance
J47: Alliaria petiolata | K47: 144 | M47: B46 | N47: BBR | O47: Braunton Burrows | S47: Sabellaria alveolata Reefs | AC47: 134 | AD47: Significant disturbance in plot/transect section | AE47: Vegetation Survey Data - Other disturbance
J48: Allium ursinum | K48: 151 | M48: B47 | N48: ENS | O48: Ennerdale & Scoat Fell | S48: Sabellaria spinulosa Reefs | AC48: 137 | AD48: Flooding of survey area | AE48: Vegetation Survey Data - Other disturbance
J49: Allium vineale | K49: 152 | M49: B48 | N49: MAY | O49: May Moss | S49: Saline Lagoons | AC49: 150 | AD49: Animal path present | AE49: Vegetation Survey Data - Path feature
... J51: Alnus glutinosa (g) | K51: 2603 | M51: B50 | N51: CRF | O51: Cross Fell | S51: Seamount Communities | AC51: 152 | AD51: Human path present | AE51: Vegetation Survey Data - Path feature
J52: Alnus glutinosa (s) | K52: 2602 | S52: Serpulid Reefs | AC52: 153 | AD52: Path present (unspecified) | AE52: Vegetation Survey Data - Path feature
J53: Alnus incana | K53: 3377 | S53: Sheltered Muddy Gravels
J54: Alopecurus | K54: 4325 | S54: Subtidal Chalk
J55: Alopecurus geniculatus | K55: 156 | S55: Subtidal Sands and Gravels
J56: Alopecurus pratensis | K56: 158 | S56: Tide-swept Channels
J57: Amblystegium confervoides | K57: 1455 | S57: Traditional Orchards
J58: Amblystegium serpens | K58: 1460 | S58: Upland Birchwoods
J59: Amphidium mougeotii | K59: 1463 | S59: Upland Calcareous Grassland
J60: Anagallis arvensis | K60: 161 | S60: Upland Flushes, Fens and Swamps
J61: Anagallis tenella | K61: 163 | S61: Upland Hay Meadows
J62: Anastrepta orcadensis | K62: 2056 | S62: Upland Heathland
J63: Anastrophyllum donnianum | K63: 2057 | S63: Upland Mixed Ashwoods
J64: Andreaea alpina | K64: 1464 | S64: Upland Oakwood
... J70: Anisantha sterilis | K70: 262 | S70: Not a priority habitat - Other
J71: Anomobryum julaceum s.l. | K71: 1469
J72: Antennaria dioica | K72: 168
J73: Anthelia julacea | K73: 2059
J74: Anthelia juratzkana | K74: 2060
J75: Anthemis tinctoria | K75: 3385
J76: Anthoxanthum odoratum | K76: 171
J77: Anthriscus sylvestris | K77: 173
J78: Anthyllis vulneraria | K78: 174
J79: Antirrhinum majus | K79: 175
J80: Aphanes arvensis | K80: 177
J81: Apium inundatum | K81: 180
J82: Arabis hirsuta | K82: 185
... J1223: Weissia brachycarpa | K1223: 2044
